store,websites,attribute_set,type,category_ids,Parent,sku,itemsize,has_options,name,url_key,product_type_all,product_type_url,fashion_style,color,vendor_sku,vendor,msrp_price,price,cost,shipping_days,shipping_time_filter,status,visibility,enable_googlecheckout,size,extended_delivery,pre_order_item,is_product_new,is_returnable,description,tab_sizing,tab_details,qty,min_qty,use_config_min_qty,is_qty_decimal,backorders,use_config_backorders,min_sale_qty,use_config_min_sale_qty,max_sale_qty,use_config_max_sale_qty,is_in_stock,use_config_notify_stock_qty,manage_stock,use_config_manage_stock,weight,image,meta_keyword,meta_description,meta_title,merchandiser_name,configurable_attributes,simples_skus,tax_class_id,designer_brand_name,designer_cat_url,warehouse_code,_custom_option_store,_custom_option_type,_custom_option_title,_custom_option_is_required,_custom_option_price,_custom_option_sku,_custom_option_max_characters,_custom_option_sort_order,_custom_option_row_title,_custom_option_row_price,_custom_option_row_sku,_custom_option_row_sort,_super_products_sku,_super_attribute_code,_super_attribute_option,vendor_code,fitguide
"store_us,store_in,store_stage_en,global_m_sv,india_m_sv","app_us,app_in,store_stage,global_m_web,india_m_web",Women,simple,"15,17,36,19,37",SHUJ101,SHUJ10136,36,0,White Leather Juttis with Pearls & Gemstones,white-leather-juttis-with-pearls-&-gemstones-shuj101,Juttis,footwear/juttis,Ethnic Wear,White,SHUJ101,Cobble,,2200,1100,20,3 to 4 Weeks,1,1,No,36,1,1,1,Non Returnable,"Ditch your heels, juttis are women's best friend for every occasion.<ul><li>Color: White</li><li>Material(s): Genuine Leather</li><li>Care: Dry Clean Only</li><li>Weight (GRAMS): NA</li></ul>",,Genuine Leather,1,0,1,0,0,1,1,1,0,1,1,1,0,1,1,,,,,Kamal,,,None,Shubhi,,EX_FC_VL_DEL_KAP,,,,,,,,,,,,,,,,,Footwear
"store_us,store_in,store_stage_en,global_m_sv,india_m_sv","app_us,app_in,store_stage,global_m_web,india_m_web",Women,simple,"15,17,36,19,37",SHUJ101,SHUJ10137,37,0,White Leather Juttis with Pearls & Gemstones,white-leather-juttis-with-pearls-&-gemstones-shuj101,Juttis,footwear/juttis,Ethnic Wear,White,SHUJ101,Cobble,,2200,1100,20,3 to 4 Weeks,1,1,No,37,1,1,1,Non Returnable,"Ditch your heels, juttis are women's best friend for every occasion.<ul><li>Color: White</li><li>Material(s): Genuine Leather</li><li>Care: Dry Clean Only</li><li>Weight (GRAMS): NA</li></ul>",,Genuine Leather,1,0,1,0,0,1,1,1,0,1,1,1,0,1,1,,,,,Kamal,,,None,Shubhi,,EX_FC_VL_DEL_KAP,,,,,,,,,,,,,,,,,Footwear
"store_us,store_in,store_stage_en,global_m_sv,india_m_sv","app_us,app_in,store_stage,global_m_web,india_m_web",Women,simple,"15,17,36,19,37",SHUJ101,SHUJ10138,38,0,White Leather Juttis with Pearls & Gemstones,white-leather-juttis-with-pearls-&-gemstones-shuj101,Juttis,footwear/juttis,Ethnic Wear,White,SHUJ101,Cobble,,2200,1100,20,3 to 4 Weeks,1,1,No,38,1,1,1,Non Returnable,"Ditch your heels, juttis are women's best friend for every occasion.<ul><li>Color: White</li><li>Material(s): Genuine Leather</li><li>Care: Dry Clean Only</li><li>Weight (GRAMS): NA</li></ul>",,Genuine Leather,1,0,1,0,0,1,1,1,0,1,1,1,0,1,1,,,,,Kamal,,,None,Shubhi,,EX_FC_VL_DEL_KAP,,,,,,,,,,,,,,,,,Footwear
"store_us,store_in,store_stage_en,global_m_sv,india_m_sv","app_us,app_in,store_stage,global_m_web,india_m_web",Women,simple,"15,17,36,19,37",SHUJ101,SHUJ10139,39,0,White Leather Juttis with Pearls & Gemstones,white-leather-juttis-with-pearls-&-gemstones-shuj101,Juttis,footwear/juttis,Ethnic Wear,White,SHUJ101,Cobble,,2200,1100,20,3 to 4 Weeks,1,1,No,39,1,1,1,Non Returnable,"Ditch your heels, juttis are women's best friend for every occasion.<ul><li>Color: White</li><li>Material(s): Genuine Leather</li><li>Care: Dry Clean Only</li><li>Weight (GRAMS): NA</li></ul>",,Genuine Leather,1,0,1,0,0,1,1,1,0,1,1,1,0,1,1,,,,,Kamal,,,None,Shubhi,,EX_FC_VL_DEL_KAP,,,,,,,,,,,,,,,,,Footwear
"store_us,store_in,store_stage_en,global_m_sv,india_m_sv","app_us,app_in,store_stage,global_m_web,india_m_web",Women,simple,"15,17,36,19,37",SHUJ101,SHUJ10140,40,0,White Leather Juttis with Pearls & Gemstones,white-leather-juttis-with-pearls-&-gemstones-shuj101,Juttis,footwear/juttis,Ethnic Wear,White,SHUJ101,Cobble,,2200,1100,20,3 to 4 Weeks,1,1,No,40,1,1,1,Non Returnable,"Ditch your heels, juttis are women's best friend for every occasion.<ul><li>Color: White</li><li>Material(s): Genuine Leather</li><li>Care: Dry Clean Only</li><li>Weight (GRAMS): NA</li></ul>",,Genuine Leather,1,0,1,0,0,1,1,1,0,1,1,1,0,1,1,,,,,Kamal,,,None,Shubhi,,EX_FC_VL_DEL_KAP,,,,,,,,,,,,,,,,,Footwear
"store_us,store_in,store_stage_en,global_m_sv,india_m_sv","app_us,app_in,store_stage,global_m_web,india_m_web",Women,configurable,"15,17,36,19,37",SHUJ101,SHUJ101,,1,White Leather Juttis with Pearls & Gemstones,white-leather-juttis-with-pearls-&-gemstones-shuj101,Juttis,footwear/juttis,Ethnic Wear,White,SHUJ101,Cobble,,2200,1100,20,3 to 4 Weeks,2,4,No,,1,1,1,Non Returnable,"Ditch your heels, juttis are women's best friend for every occasion.<ul><li>Color: White</li><li>Material(s): Genuine Leather</li><li>Care: Dry Clean Only</li><li>Weight (GRAMS): NA</li></ul>",,Genuine Leather,,0,1,0,0,1,1,1,0,1,1,1,0,1,1,,,,,Kamal,size,"36,37,38,39,40",None,Shubhi,,EX_FC_VL_DEL_KAP,,,,,,,,,,,,,"SHUJ10136, SHUJ10137, SHUJ10138, SHUJ10139, SHUJ10140",size,"36,37,38,39,40",EX000000,Footwear
"store_us,store_in,store_stage_en,global_m_sv,india_m_sv","app_us,app_in,store_stage,global_m_web,india_m_web",Women,simple,"15,17,36,19,37",SHUJ102,SHUJ10236,36,0,Purple Brocade Leather Juttis with Ghungroos,purple-brocade-leather-juttis-with-ghungroos-shuj102,Juttis,footwear/juttis,Ethnic Wear,Purple,SHUJ102,Cobble,,1900,950,20,3 to 4 Weeks,1,1,No,36,1,1,1,Non Returnable,"Ditch your heels, juttis are women's best friend for every occasion.<ul><li>Color: Purple</li><li>Material(s): Genuine Leather</li><li>Care: Dry Clean Only</li><li>Weight (GRAMS): NA</li></ul>",,Genuine Leather,1,0,1,0,0,1,1,1,0,1,1,1,0,1,1,,,,,Kamal,,,None,Shubhi,,EX_FC_VL_DEL_KAP,,,,,,,,,,,,,,,,,Footwear
"store_us,store_in,store_stage_en,global_m_sv,india_m_sv","app_us,app_in,store_stage,global_m_web,india_m_web",Women,simple,"15,17,36,19,37",SHUJ102,SHUJ10237,37,0,Purple Brocade Leather Juttis with Ghungroos,purple-brocade-leather-juttis-with-ghungroos-shuj102,Juttis,footwear/juttis,Ethnic Wear,Purple,SHUJ102,Cobble,,1900,950,20,3 to 4 Weeks,1,1,No,37,1,1,1,Non Returnable,"Ditch your heels, juttis are women's best friend for every occasion.<ul><li>Color: Purple</li><li>Material(s): Genuine Leather</li><li>Care: Dry Clean Only</li><li>Weight (GRAMS): NA</li></ul>",,Genuine Leather,1,0,1,0,0,1,1,1,0,1,1,1,0,1,1,,,,,Kamal,,,None,Shubhi,,EX_FC_VL_DEL_KAP,,,,,,,,,,,,,,,,,Footwear
"store_us,store_in,store_stage_en,global_m_sv,india_m_sv","app_us,app_in,store_stage,global_m_web,india_m_web",Women,simple,"15,17,36,19,37",SHUJ102,SHUJ10238,38,0,Purple Brocade Leather Juttis with Ghungroos,purple-brocade-leather-juttis-with-ghungroos-shuj102,Juttis,footwear/juttis,Ethnic Wear,Purple,SHUJ102,Cobble,,1900,950,20,3 to 4 Weeks,1,1,No,38,1,1,1,Non Returnable,"Ditch your heels, juttis are women's best friend for every occasion.<ul><li>Color: Purple</li><li>Material(s): Genuine Leather</li><li>Care: Dry Clean Only</li><li>Weight (GRAMS): NA</li></ul>",,Genuine Leather,1,0,1,0,0,1,1,1,0,1,1,1,0,1,1,,,,,Kamal,,,None,Shubhi,,EX_FC_VL_DEL_KAP,,,,,,,,,,,,,,,,,Footwear
"store_us,store_in,store_stage_en,global_m_sv,india_m_sv","app_us,app_in,store_stage,global_m_web,india_m_web",Women,simple,"15,17,36,19,37",SHUJ102,SHUJ10239,39,0,Purple Brocade Leather Juttis with Ghungroos,purple-brocade-leather-juttis-with-ghungroos-shuj102,Juttis,footwear/juttis,Ethnic Wear,Purple,SHUJ102,Cobble,,1900,950,20,3 to 4 Weeks,1,1,No,39,1,1,1,Non Returnable,"Ditch your heels, juttis are women's best friend for every occasion.<ul><li>Color: Purple</li><li>Material(s): Genuine Leather</li><li>Care: Dry Clean Only</li><li>Weight (GRAMS): NA</li></ul>",,Genuine Leather,1,0,1,0,0,1,1,1,0,1,1,1,0,1,1,,,,,Kamal,,,None,Shubhi,,EX_FC_VL_DEL_KAP,,,,,,,,,,,,,,,,,Footwear
"store_us,store_in,store_stage_en,global_m_sv,india_m_sv","app_us,app_in,store_stage,global_m_web,india_m_web",Women,simple,"15,17,36,19,37",SHUJ102,SHUJ10241,41,0,Purple Brocade Leather Juttis with Ghungroos,purple-brocade-leather-juttis-with-ghungroos-shuj102,Juttis,footwear/juttis,Ethnic Wear,Purple,SHUJ102,Cobble,,1900,950,20,3 to 4 Weeks,1,1,No,41,1,1,1,Non Returnable,"Ditch your heels, juttis are women's best friend for every occasion.<ul><li>Color: Purple</li><li>Material(s): Genuine Leather</li><li>Care: Dry Clean Only</li><li>Weight (GRAMS): NA</li></ul>",,Genuine Leather,1,0,1,0,0,1,1,1,0,1,1,1,0,1,1,,,,,Kamal,,,None,Shubhi,,EX_FC_VL_DEL_KAP,,,,,,,,,,,,,,,,,Footwear
"store_us,store_in,store_stage_en,global_m_sv,india_m_sv","app_us,app_in,store_stage,global_m_web,india_m_web",Women,configurable,"15,17,36,19,37",SHUJ102,SHUJ102,,1,Purple Brocade Leather Juttis with Ghungroos,purple-brocade-leather-juttis-with-ghungroos-shuj102,Juttis,footwear/juttis,Ethnic Wear,Purple,SHUJ102,Cobble,,1900,950,20,3 to 4 Weeks,2,4,No,,1,1,1,Non Returnable,"Ditch your heels, juttis are women's best friend for every occasion.<ul><li>Color: Purple</li><li>Material(s): Genuine Leather</li><li>Care: Dry Clean Only</li><li>Weight (GRAMS): NA</li></ul>",,Genuine Leather,,0,1,0,0,1,1,1,0,1,1,1,0,1,1,,,,,Kamal,size,"36,37,38,39,41",None,Shubhi,,EX_FC_VL_DEL_KAP,,,,,,,,,,,,,"SHUJ10236, SHUJ10237, SHUJ10238, SHUJ10239, SHUJ10241",size,"36,37,38,39,41",EX000000,Footwear
"store_us,store_in,store_stage_en,global_m_sv,india_m_sv","app_us,app_in,store_stage,global_m_web,india_m_web",Women,simple,"15,17,36,19,37",SHUJ103,SHUJ10336,36,0,Beige Beaded Leather Juttis,beige-beaded-leather-juttis-shuj103,Juttis,footwear/juttis,Ethnic Wear,"Beige, Red",SHUJ103,Cobble,,1900,950,20,3 to 4 Weeks,1,1,No,36,1,1,1,Non Returnable,"Ditch your heels, juttis are women's best friend for every occasion.<ul><li>Color: Beige, Red</li><li>Material(s): Genuine Leather</li><li>Care: Dry Clean Only</li><li>Weight (GRAMS): NA</li></ul>",,Genuine Leather,1,0,1,0,0,1,1,1,0,1,1,1,0,1,1,,,,,Kamal,,,None,Shubhi,,EX_FC_VL_DEL_KAP,,,,,,,,,,,,,,,,,Footwear
"store_us,store_in,store_stage_en,global_m_sv,india_m_sv","app_us,app_in,store_stage,global_m_web,india_m_web",Women,simple,"15,17,36,19,37",SHUJ103,SHUJ10337,37,0,Beige Beaded Leather Juttis,beige-beaded-leather-juttis-shuj103,Juttis,footwear/juttis,Ethnic Wear,"Beige, Red",SHUJ103,Cobble,,1900,950,20,3 to 4 Weeks,1,1,No,37,1,1,1,Non Returnable,"Ditch your heels, juttis are women's best friend for every occasion.<ul><li>Color: Beige, Red</li><li>Material(s): Genuine Leather</li><li>Care: Dry Clean Only</li><li>Weight (GRAMS): NA</li></ul>",,Genuine Leather,1,0,1,0,0,1,1,1,0,1,1,1,0,1,1,,,,,Kamal,,,None,Shubhi,,EX_FC_VL_DEL_KAP,,,,,,,,,,,,,,,,,Footwear
"store_us,store_in,store_stage_en,global_m_sv,india_m_sv","app_us,app_in,store_stage,global_m_web,india_m_web",Women,simple,"15,17,36,19,37",SHUJ103,SHUJ10338,38,0,Beige Beaded Leather Juttis,beige-beaded-leather-juttis-shuj103,Juttis,footwear/juttis,Ethnic Wear,"Beige, Red",SHUJ103,Cobble,,1900,950,20,3 to 4 Weeks,1,1,No,38,1,1,1,Non Returnable,"Ditch your heels, juttis are women's best friend for every occasion.<ul><li>Color: Beige, Red</li><li>Material(s): Genuine Leather</li><li>Care: Dry Clean Only</li><li>Weight (GRAMS): NA</li></ul>",,Genuine Leather,1,0,1,0,0,1,1,1,0,1,1,1,0,1,1,,,,,Kamal,,,None,Shubhi,,EX_FC_VL_DEL_KAP,,,,,,,,,,,,,,,,,Footwear
"store_us,store_in,store_stage_en,global_m_sv,india_m_sv","app_us,app_in,store_stage,global_m_web,india_m_web",Women,simple,"15,17,36,19,37",SHUJ103,SHUJ10339,39,0,Beige Beaded Leather Juttis,beige-beaded-leather-juttis-shuj103,Juttis,footwear/juttis,Ethnic Wear,"Beige, Red",SHUJ103,Cobble,,1900,950,20,3 to 4 Weeks,1,1,No,39,1,1,1,Non Returnable,"Ditch your heels, juttis are women's best friend for every occasion.<ul><li>Color: Beige, Red</li><li>Material(s): Genuine Leather</li><li>Care: Dry Clean Only</li><li>Weight (GRAMS): NA</li></ul>",,Genuine Leather,1,0,1,0,0,1,1,1,0,1,1,1,0,1,1,,,,,Kamal,,,None,Shubhi,,EX_FC_VL_DEL_KAP,,,,,,,,,,,,,,,,,Footwear
"store_us,store_in,store_stage_en,global_m_sv,india_m_sv","app_us,app_in,store_stage,global_m_web,india_m_web",Women,simple,"15,17,36,19,37",SHUJ103,SHUJ10342,42,0,Beige Beaded Leather Juttis,beige-beaded-leather-juttis-shuj103,Juttis,footwear/juttis,Ethnic Wear,"Beige, Red",SHUJ103,Cobble,,1900,950,20,3 to 4 Weeks,1,1,No,42,1,1,1,Non Returnable,"Ditch your heels, juttis are women's best friend for every occasion.<ul><li>Color: Beige, Red</li><li>Material(s): Genuine Leather</li><li>Care: Dry Clean Only</li><li>Weight (GRAMS): NA</li></ul>",,Genuine Leather,1,0,1,0,0,1,1,1,0,1,1,1,0,1,1,,,,,Kamal,,,None,Shubhi,,EX_FC_VL_DEL_KAP,,,,,,,,,,,,,,,,,Footwear
"store_us,store_in,store_stage_en,global_m_sv,india_m_sv","app_us,app_in,store_stage,global_m_web,india_m_web",Women,configurable,"15,17,36,19,37",SHUJ103,SHUJ103,,1,Beige Beaded Leather Juttis,beige-beaded-leather-juttis-shuj103,Juttis,footwear/juttis,Ethnic Wear,"Beige, Red",SHUJ103,Cobble,,1900,950,20,3 to 4 Weeks,2,4,No,,1,1,1,Non Returnable,"Ditch your heels, juttis are women's best friend for every occasion.<ul><li>Color: Beige, Red</li><li>Material(s): Genuine Leather</li><li>Care: Dry Clean Only</li><li>Weight (GRAMS): NA</li></ul>",,Genuine Leather,,0,1,0,0,1,1,1,0,1,1,1,0,1,1,,,,,Kamal,size,"36,37,38,39,42",None,Shubhi,,EX_FC_VL_DEL_KAP,,,,,,,,,,,,,"SHUJ10336, SHUJ10337, SHUJ10338, SHUJ10339, SHUJ10342",size,"36,37,38,39,42",EX000000,Footwear
"store_us,store_in,store_stage_en,global_m_sv,india_m_sv","app_us,app_in,store_stage,global_m_web,india_m_web",Women,simple,"15,17,36,19,37",SHUJ104,SHUJ10436,36,0,Red Brocade Leather Juttis with Ghungroos,red-brocade-leather-juttis-with-ghungroos-shuj104,Juttis,footwear/juttis,Ethnic Wear,Red,SHUJ104,Cobble,,1900,950,20,3 to 4 Weeks,1,1,No,36,1,1,1,Non Returnable,"Ditch your heels, juttis are women's best friend for every occasion.<ul><li>Color: Red</li><li>Material(s): Genuine Leather</li><li>Care: Dry Clean Only</li><li>Weight (GRAMS): NA</li></ul>",,Genuine Leather,1,0,1,0,0,1,1,1,0,1,1,1,0,1,1,,,,,Kamal,,,None,Shubhi,,EX_FC_VL_DEL_KAP,,,,,,,,,,,,,,,,,Footwear
"store_us,store_in,store_stage_en,global_m_sv,india_m_sv","app_us,app_in,store_stage,global_m_web,india_m_web",Women,simple,"15,17,36,19,37",SHUJ104,SHUJ10437,37,0,Red Brocade Leather Juttis with Ghungroos,red-brocade-leather-juttis-with-ghungroos-shuj104,Juttis,footwear/juttis,Ethnic Wear,Red,SHUJ104,Cobble,,1900,950,20,3 to 4 Weeks,1,1,No,37,1,1,1,Non Returnable,"Ditch your heels, juttis are women's best friend for every occasion.<ul><li>Color: Red</li><li>Material(s): Genuine Leather</li><li>Care: Dry Clean Only</li><li>Weight (GRAMS): NA</li></ul>",,Genuine Leather,1,0,1,0,0,1,1,1,0,1,1,1,0,1,1,,,,,Kamal,,,None,Shubhi,,EX_FC_VL_DEL_KAP,,,,,,,,,,,,,,,,,Footwear
"store_us,store_in,store_stage_en,global_m_sv,india_m_sv","app_us,app_in,store_stage,global_m_web,india_m_web",Women,simple,"15,17,36,19,37",SHUJ104,SHUJ10438,38,0,Red Brocade Leather Juttis with Ghungroos,red-brocade-leather-juttis-with-ghungroos-shuj104,Juttis,footwear/juttis,Ethnic Wear,Red,SHUJ104,Cobble,,1900,950,20,3 to 4 Weeks,1,1,No,38,1,1,1,Non Returnable,"Ditch your heels, juttis are women's best friend for every occasion.<ul><li>Color: Red</li><li>Material(s): Genuine Leather</li><li>Care: Dry Clean Only</li><li>Weight (GRAMS): NA</li></ul>",,Genuine Leather,1,0,1,0,0,1,1,1,0,1,1,1,0,1,1,,,,,Kamal,,,None,Shubhi,,EX_FC_VL_DEL_KAP,,,,,,,,,,,,,,,,,Footwear
"store_us,store_in,store_stage_en,global_m_sv,india_m_sv","app_us,app_in,store_stage,global_m_web,india_m_web",Women,simple,"15,17,36,19,37",SHUJ104,SHUJ10439,39,0,Red Brocade Leather Juttis with Ghungroos,red-brocade-leather-juttis-with-ghungroos-shuj104,Juttis,footwear/juttis,Ethnic Wear,Red,SHUJ104,Cobble,,1900,950,20,3 to 4 Weeks,1,1,No,39,1,1,1,Non Returnable,"Ditch your heels, juttis are women's best friend for every occasion.<ul><li>Color: Red</li><li>Material(s): Genuine Leather</li><li>Care: Dry Clean Only</li><li>Weight (GRAMS): NA</li></ul>",,Genuine Leather,1,0,1,0,0,1,1,1,0,1,1,1,0,1,1,,,,,Kamal,,,None,Shubhi,,EX_FC_VL_DEL_KAP,,,,,,,,,,,,,,,,,Footwear
"store_us,store_in,store_stage_en,global_m_sv,india_m_sv","app_us,app_in,store_stage,global_m_web,india_m_web",Women,simple,"15,17,36,19,37",SHUJ104,SHUJ10443,43,0,Red Brocade Leather Juttis with Ghungroos,red-brocade-leather-juttis-with-ghungroos-shuj104,Juttis,footwear/juttis,Ethnic Wear,Red,SHUJ104,Cobble,,1900,950,20,3 to 4 Weeks,1,1,No,43,1,1,1,Non Returnable,"Ditch your heels, juttis are women's best friend for every occasion.<ul><li>Color: Red</li><li>Material(s): Genuine Leather</li><li>Care: Dry Clean Only</li><li>Weight (GRAMS): NA</li></ul>",,Genuine Leather,1,0,1,0,0,1,1,1,0,1,1,1,0,1,1,,,,,Kamal,,,None,Shubhi,,EX_FC_VL_DEL_KAP,,,,,,,,,,,,,,,,,Footwear
"store_us,store_in,store_stage_en,global_m_sv,india_m_sv","app_us,app_in,store_stage,global_m_web,india_m_web",Women,configurable,"15,17,36,19,37",SHUJ104,SHUJ104,,1,Red Brocade Leather Juttis with Ghungroos,red-brocade-leather-juttis-with-ghungroos-shuj104,Juttis,footwear/juttis,Ethnic Wear,Red,SHUJ104,Cobble,,1900,950,20,3 to 4 Weeks,2,4,No,,1,1,1,Non Returnable,"Ditch your heels, juttis are women's best friend for every occasion.<ul><li>Color: Red</li><li>Material(s): Genuine Leather</li><li>Care: Dry Clean Only</li><li>Weight (GRAMS): NA</li></ul>",,Genuine Leather,,0,1,0,0,1,1,1,0,1,1,1,0,1,1,,,,,Kamal,size,"36,37,38,39,43",None,Shubhi,,EX_FC_VL_DEL_KAP,,,,,,,,,,,,,"SHUJ10436, SHUJ10437, SHUJ10438, SHUJ10439, SHUJ10443",size,"36,37,38,39,43",EX000000,Footwear
"store_us,store_in,store_stage_en,global_m_sv,india_m_sv","app_us,app_in,store_stage,global_m_web,india_m_web",Women,simple,"15,17,36,19,37",SHUJ105,SHUJ10536,36,0,Handcrafted Pink Juttis with Pearls,handcrafted-pink-juttis-with-pearls-shuj105,Juttis,footwear/juttis,Ethnic Wear,Neon Pink,SHUJ105,Cobble,,2200,1100,20,3 to 4 Weeks,1,1,No,36,1,1,1,Non Returnable,"Ditch your heels, juttis are women's best friend for every occasion.<ul><li>Color: Neon Pink</li><li>Material(s): Genuine Leather</li><li>Care: Dry Clean Only</li><li>Weight (GRAMS): NA</li></ul>",,Genuine Leather,1,0,1,0,0,1,1,1,0,1,1,1,0,1,1,,,,,Kamal,,,None,Shubhi,,EX_FC_VL_DEL_KAP,,,,,,,,,,,,,,,,,Footwear
"store_us,store_in,store_stage_en,global_m_sv,india_m_sv","app_us,app_in,store_stage,global_m_web,india_m_web",Women,simple,"15,17,36,19,37",SHUJ105,SHUJ10539,39,0,Handcrafted Pink Juttis with Pearls,handcrafted-pink-juttis-with-pearls-shuj105,Juttis,footwear/juttis,Ethnic Wear,Neon Pink,SHUJ105,Cobble,,2200,1100,20,3 to 4 Weeks,1,1,No,39,1,1,1,Non Returnable,"Ditch your heels, juttis are women's best friend for every occasion.<ul><li>Color: Neon Pink</li><li>Material(s): Genuine Leather</li><li>Care: Dry Clean Only</li><li>Weight (GRAMS): NA</li></ul>",,Genuine Leather,1,0,1,0,0,1,1,1,0,1,1,1,0,1,1,,,,,Kamal,,,None,Shubhi,,EX_FC_VL_DEL_KAP,,,,,,,,,,,,,,,,,Footwear
"store_us,store_in,store_stage_en,global_m_sv,india_m_sv","app_us,app_in,store_stage,global_m_web,india_m_web",Women,configurable,"15,17,36,19,37",SHUJ105,SHUJ105,,1,Handcrafted Pink Juttis with Pearls,handcrafted-pink-juttis-with-pearls-shuj105,Juttis,footwear/juttis,Ethnic Wear,Neon Pink,SHUJ105,Cobble,,2200,1100,20,3 to 4 Weeks,2,4,No,,1,1,1,Non Returnable,"Ditch your heels, juttis are women's best friend for every occasion.<ul><li>Color: Neon Pink</li><li>Material(s): Genuine Leather</li><li>Care: Dry Clean Only</li><li>Weight (GRAMS): NA</li></ul>",,Genuine Leather,,0,1,0,0,1,1,1,0,1,1,1,0,1,1,,,,,Kamal,size,"36,39",None,Shubhi,,EX_FC_VL_DEL_KAP,,,,,,,,,,,,,"SHUJ10536, SHUJ10539",size,"36,39",EX000000,Footwear
"store_us,store_in,store_stage_en,global_m_sv,india_m_sv","app_us,app_in,store_stage,global_m_web,india_m_web",Women,simple,"15,17,36,19,37",SHUJ106,SHUJ10636,36,0,Blue Leather Juttis with Mirror Work,blue-leather-juttis-with-mirror-work-shuj106,Juttis,footwear/juttis,Ethnic Wear,Blue,SHUJ106,Cobble,,2200,1100,20,3 to 4 Weeks,1,1,No,36,1,1,1,Non Returnable,"Ditch your heels, juttis are women's best friend for every occasion.<ul><li>Color: Blue</li><li>Material(s): Genuine Leather</li><li>Care: Dry Clean Only</li><li>Weight (GRAMS): NA</li></ul>",,Genuine Leather,1,0,1,0,0,1,1,1,0,1,1,1,0,1,1,,,,,Kamal,,,None,Shubhi,,EX_FC_VL_DEL_KAP,,,,,,,,,,,,,,,,,Footwear
"store_us,store_in,store_stage_en,global_m_sv,india_m_sv","app_us,app_in,store_stage,global_m_web,india_m_web",Women,simple,"15,17,36,19,37",SHUJ106,SHUJ10637,37,0,Blue Leather Juttis with Mirror Work,blue-leather-juttis-with-mirror-work-shuj106,Juttis,footwear/juttis,Ethnic Wear,Blue,SHUJ106,Cobble,,2200,1100,20,3 to 4 Weeks,1,1,No,37,1,1,1,Non Returnable,"Ditch your heels, juttis are women's best friend for every occasion.<ul><li>Color: Blue</li><li>Material(s): Genuine Leather</li><li>Care: Dry Clean Only</li><li>Weight (GRAMS): NA</li></ul>",,Genuine Leather,1,0,1,0,0,1,1,1,0,1,1,1,0,1,1,,,,,Kamal,,,None,Shubhi,,EX_FC_VL_DEL_KAP,,,,,,,,,,,,,,,,,Footwear
"store_us,store_in,store_stage_en,global_m_sv,india_m_sv","app_us,app_in,store_stage,global_m_web,india_m_web",Women,simple,"15,17,36,19,37",SHUJ106,SHUJ10638,38,0,Blue Leather Juttis with Mirror Work,blue-leather-juttis-with-mirror-work-shuj106,Juttis,footwear/juttis,Ethnic Wear,Blue,SHUJ106,Cobble,,2200,1100,20,3 to 4 Weeks,1,1,No,38,1,1,1,Non Returnable,"Ditch your heels, juttis are women's best friend for every occasion.<ul><li>Color: Blue</li><li>Material(s): Genuine Leather</li><li>Care: Dry Clean Only</li><li>Weight (GRAMS): NA</li></ul>",,Genuine Leather,1,0,1,0,0,1,1,1,0,1,1,1,0,1,1,,,,,Kamal,,,None,Shubhi,,EX_FC_VL_DEL_KAP,,,,,,,,,,,,,,,,,Footwear
"store_us,store_in,store_stage_en,global_m_sv,india_m_sv","app_us,app_in,store_stage,global_m_web,india_m_web",Women,simple,"15,17,36,19,37",SHUJ106,SHUJ10639,39,0,Blue Leather Juttis with Mirror Work,blue-leather-juttis-with-mirror-work-shuj106,Juttis,footwear/juttis,Ethnic Wear,Blue,SHUJ106,Cobble,,2200,1100,20,3 to 4 Weeks,1,1,No,39,1,1,1,Non Returnable,"Ditch your heels, juttis are women's best friend for every occasion.<ul><li>Color: Blue</li><li>Material(s): Genuine Leather</li><li>Care: Dry Clean Only</li><li>Weight (GRAMS): NA</li></ul>",,Genuine Leather,1,0,1,0,0,1,1,1,0,1,1,1,0,1,1,,,,,Kamal,,,None,Shubhi,,EX_FC_VL_DEL_KAP,,,,,,,,,,,,,,,,,Footwear
"store_us,store_in,store_stage_en,global_m_sv,india_m_sv","app_us,app_in,store_stage,global_m_web,india_m_web",Women,simple,"15,17,36,19,37",SHUJ106,SHUJ10645,45,0,Blue Leather Juttis with Mirror Work,blue-leather-juttis-with-mirror-work-shuj106,Juttis,footwear/juttis,Ethnic Wear,Blue,SHUJ106,Cobble,,2200,1100,20,3 to 4 Weeks,1,1,No,45,1,1,1,Non Returnable,"Ditch your heels, juttis are women's best friend for every occasion.<ul><li>Color: Blue</li><li>Material(s): Genuine Leather</li><li>Care: Dry Clean Only</li><li>Weight (GRAMS): NA</li></ul>",,Genuine Leather,1,0,1,0,0,1,1,1,0,1,1,1,0,1,1,,,,,Kamal,,,None,Shubhi,,EX_FC_VL_DEL_KAP,,,,,,,,,,,,,,,,,Footwear
"store_us,store_in,store_stage_en,global_m_sv,india_m_sv","app_us,app_in,store_stage,global_m_web,india_m_web",Women,configurable,"15,17,36,19,37",SHUJ106,SHUJ106,,1,Blue Leather Juttis with Mirror Work,blue-leather-juttis-with-mirror-work-shuj106,Juttis,footwear/juttis,Ethnic Wear,Blue,SHUJ106,Cobble,,2200,1100,20,3 to 4 Weeks,2,4,No,,1,1,1,Non Returnable,"Ditch your heels, juttis are women's best friend for every occasion.<ul><li>Color: Blue</li><li>Material(s): Genuine Leather</li><li>Care: Dry Clean Only</li><li>Weight (GRAMS): NA</li></ul>",,Genuine Leather,,0,1,0,0,1,1,1,0,1,1,1,0,1,1,,,,,Kamal,size,"36,37,38,39,45",None,Shubhi,,EX_FC_VL_DEL_KAP,,,,,,,,,,,,,"SHUJ10636, SHUJ10637, SHUJ10638, SHUJ10639, SHUJ10645",size,"36,37,38,39,45",EX000000,Footwear
"store_us,store_in,store_stage_en,global_m_sv,india_m_sv","app_us,app_in,store_stage,global_m_web,india_m_web",Women,simple,"15,17,36,19,37",SHUJ107,SHUJ10736,36,0,Green Brocade Leather Juttis,green-brocade-leather-juttis-shuj107,Juttis,footwear/juttis,Ethnic Wear,Green,SHUJ107,Cobble,,1500,700,20,3 to 4 Weeks,1,1,No,36,1,1,1,Non Returnable,"Ditch your heels, juttis are women's best friend for every occasion.<ul><li>Color: Green</li><li>Material(s): Genuine Leather</li><li>Care: Dry Clean Only</li><li>Weight (GRAMS): NA</li></ul>",,Genuine Leather,1,0,1,0,0,1,1,1,0,1,1,1,0,1,1,,,,,Kamal,,,None,Shubhi,,EX_FC_VL_DEL_KAP,,,,,,,,,,,,,,,,,Footwear
"store_us,store_in,store_stage_en,global_m_sv,india_m_sv","app_us,app_in,store_stage,global_m_web,india_m_web",Women,simple,"15,17,36,19,37",SHUJ107,SHUJ10737,37,0,Green Brocade Leather Juttis,green-brocade-leather-juttis-shuj107,Juttis,footwear/juttis,Ethnic Wear,Green,SHUJ107,Cobble,,1500,700,20,3 to 4 Weeks,1,1,No,37,1,1,1,Non Returnable,"Ditch your heels, juttis are women's best friend for every occasion.<ul><li>Color: Green</li><li>Material(s): Genuine Leather</li><li>Care: Dry Clean Only</li><li>Weight (GRAMS): NA</li></ul>",,Genuine Leather,1,0,1,0,0,1,1,1,0,1,1,1,0,1,1,,,,,Kamal,,,None,Shubhi,,EX_FC_VL_DEL_KAP,,,,,,,,,,,,,,,,,Footwear
"store_us,store_in,store_stage_en,global_m_sv,india_m_sv","app_us,app_in,store_stage,global_m_web,india_m_web",Women,simple,"15,17,36,19,37",SHUJ107,SHUJ10738,38,0,Green Brocade Leather Juttis,green-brocade-leather-juttis-shuj107,Juttis,footwear/juttis,Ethnic Wear,Green,SHUJ107,Cobble,,1500,700,20,3 to 4 Weeks,1,1,No,38,1,1,1,Non Returnable,"Ditch your heels, juttis are women's best friend for every occasion.<ul><li>Color: Green</li><li>Material(s): Genuine Leather</li><li>Care: Dry Clean Only</li><li>Weight (GRAMS): NA</li></ul>",,Genuine Leather,1,0,1,0,0,1,1,1,0,1,1,1,0,1,1,,,,,Kamal,,,None,Shubhi,,EX_FC_VL_DEL_KAP,,,,,,,,,,,,,,,,,Footwear
"store_us,store_in,store_stage_en,global_m_sv,india_m_sv","app_us,app_in,store_stage,global_m_web,india_m_web",Women,simple,"15,17,36,19,37",SHUJ107,SHUJ10739,39,0,Green Brocade Leather Juttis,green-brocade-leather-juttis-shuj107,Juttis,footwear/juttis,Ethnic Wear,Green,SHUJ107,Cobble,,1500,700,20,3 to 4 Weeks,1,1,No,39,1,1,1,Non Returnable,"Ditch your heels, juttis are women's best friend for every occasion.<ul><li>Color: Green</li><li>Material(s): Genuine Leather</li><li>Care: Dry Clean Only</li><li>Weight (GRAMS): NA</li></ul>",,Genuine Leather,1,0,1,0,0,1,1,1,0,1,1,1,0,1,1,,,,,Kamal,,,None,Shubhi,,EX_FC_VL_DEL_KAP,,,,,,,,,,,,,,,,,Footwear
"store_us,store_in,store_stage_en,global_m_sv,india_m_sv","app_us,app_in,store_stage,global_m_web,india_m_web",Women,simple,"15,17,36,19,37",SHUJ107,SHUJ10746,46,0,Green Brocade Leather Juttis,green-brocade-leather-juttis-shuj107,Juttis,footwear/juttis,Ethnic Wear,Green,SHUJ107,Cobble,,1500,700,20,3 to 4 Weeks,1,1,No,46,1,1,1,Non Returnable,"Ditch your heels, juttis are women's best friend for every occasion.<ul><li>Color: Green</li><li>Material(s): Genuine Leather</li><li>Care: Dry Clean Only</li><li>Weight (GRAMS): NA</li></ul>",,Genuine Leather,1,0,1,0,0,1,1,1,0,1,1,1,0,1,1,,,,,Kamal,,,None,Shubhi,,EX_FC_VL_DEL_KAP,,,,,,,,,,,,,,,,,Footwear
"store_us,store_in,store_stage_en,global_m_sv,india_m_sv","app_us,app_in,store_stage,global_m_web,india_m_web",Women,configurable,"15,17,36,19,37",SHUJ107,SHUJ107,,1,Green Brocade Leather Juttis,green-brocade-leather-juttis-shuj107,Juttis,footwear/juttis,Ethnic Wear,Green,SHUJ107,Cobble,,1500,700,20,3 to 4 Weeks,2,4,No,,1,1,1,Non Returnable,"Ditch your heels, juttis are women's best friend for every occasion.<ul><li>Color: Green</li><li>Material(s): Genuine Leather</li><li>Care: Dry Clean Only</li><li>Weight (GRAMS): NA</li></ul>",,Genuine Leather,,0,1,0,0,1,1,1,0,1,1,1,0,1,1,,,,,Kamal,size,"36,37,38,39,46",None,Shubhi,,EX_FC_VL_DEL_KAP,,,,,,,,,,,,,"SHUJ10736, SHUJ10737, SHUJ10738, SHUJ10739, SHUJ10746",size,"36,37,38,39,46",EX000000,Footwear
"store_us,store_in,store_stage_en,global_m_sv,india_m_sv","app_us,app_in,store_stage,global_m_web,india_m_web",Women,simple,"15,17,36,19,37",SHUJ108,SHUJ10836,36,0,Pink Leather Juttis with Gota Work,pink-leather-juttis-with-gota-work-shuj108,Juttis,footwear/juttis,Ethnic Wear,Pink,SHUJ108,Cobble,,2200,1100,20,3 to 4 Weeks,1,1,No,36,1,1,1,Non Returnable,"Ditch your heels, juttis are women's best friend for every occasion.<ul><li>Color: Pink</li><li>Material(s): Genuine Leather</li><li>Care: Dry Clean Only</li><li>Weight (GRAMS): NA</li></ul>",,Genuine Leather,1,0,1,0,0,1,1,1,0,1,1,1,0,1,1,,,,,Kamal,,,None,Shubhi,,EX_FC_VL_DEL_KAP,,,,,,,,,,,,,,,,,Footwear
"store_us,store_in,store_stage_en,global_m_sv,india_m_sv","app_us,app_in,store_stage,global_m_web,india_m_web",Women,simple,"15,17,36,19,37",SHUJ108,SHUJ10837,37,0,Pink Leather Juttis with Gota Work,pink-leather-juttis-with-gota-work-shuj108,Juttis,footwear/juttis,Ethnic Wear,Pink,SHUJ108,Cobble,,2200,1100,20,3 to 4 Weeks,1,1,No,37,1,1,1,Non Returnable,"Ditch your heels, juttis are women's best friend for every occasion.<ul><li>Color: Pink</li><li>Material(s): Genuine Leather</li><li>Care: Dry Clean Only</li><li>Weight (GRAMS): NA</li></ul>",,Genuine Leather,1,0,1,0,0,1,1,1,0,1,1,1,0,1,1,,,,,Kamal,,,None,Shubhi,,EX_FC_VL_DEL_KAP,,,,,,,,,,,,,,,,,Footwear
"store_us,store_in,store_stage_en,global_m_sv,india_m_sv","app_us,app_in,store_stage,global_m_web,india_m_web",Women,simple,"15,17,36,19,37",SHUJ108,SHUJ10838,38,0,Pink Leather Juttis with Gota Work,pink-leather-juttis-with-gota-work-shuj108,Juttis,footwear/juttis,Ethnic Wear,Pink,SHUJ108,Cobble,,2200,1100,20,3 to 4 Weeks,1,1,No,38,1,1,1,Non Returnable,"Ditch your heels, juttis are women's best friend for every occasion.<ul><li>Color: Pink</li><li>Material(s): Genuine Leather</li><li>Care: Dry Clean Only</li><li>Weight (GRAMS): NA</li></ul>",,Genuine Leather,1,0,1,0,0,1,1,1,0,1,1,1,0,1,1,,,,,Kamal,,,None,Shubhi,,EX_FC_VL_DEL_KAP,,,,,,,,,,,,,,,,,Footwear
"store_us,store_in,store_stage_en,global_m_sv,india_m_sv","app_us,app_in,store_stage,global_m_web,india_m_web",Women,simple,"15,17,36,19,37",SHUJ108,SHUJ10839,39,0,Pink Leather Juttis with Gota Work,pink-leather-juttis-with-gota-work-shuj108,Juttis,footwear/juttis,Ethnic Wear,Pink,SHUJ108,Cobble,,2200,1100,20,3 to 4 Weeks,1,1,No,39,1,1,1,Non Returnable,"Ditch your heels, juttis are women's best friend for every occasion.<ul><li>Color: Pink</li><li>Material(s): Genuine Leather</li><li>Care: Dry Clean Only</li><li>Weight (GRAMS): NA</li></ul>",,Genuine Leather,1,0,1,0,0,1,1,1,0,1,1,1,0,1,1,,,,,Kamal,,,None,Shubhi,,EX_FC_VL_DEL_KAP,,,,,,,,,,,,,,,,,Footwear
"store_us,store_in,store_stage_en,global_m_sv,india_m_sv","app_us,app_in,store_stage,global_m_web,india_m_web",Women,simple,"15,17,36,19,37",SHUJ108,SHUJ10847,47,0,Pink Leather Juttis with Gota Work,pink-leather-juttis-with-gota-work-shuj108,Juttis,footwear/juttis,Ethnic Wear,Pink,SHUJ108,Cobble,,2200,1100,20,3 to 4 Weeks,1,1,No,47,1,1,1,Non Returnable,"Ditch your heels, juttis are women's best friend for every occasion.<ul><li>Color: Pink</li><li>Material(s): Genuine Leather</li><li>Care: Dry Clean Only</li><li>Weight (GRAMS): NA</li></ul>",,Genuine Leather,1,0,1,0,0,1,1,1,0,1,1,1,0,1,1,,,,,Kamal,,,None,Shubhi,,EX_FC_VL_DEL_KAP,,,,,,,,,,,,,,,,,Footwear
"store_us,store_in,store_stage_en,global_m_sv,india_m_sv","app_us,app_in,store_stage,global_m_web,india_m_web",Women,configurable,"15,17,36,19,37",SHUJ108,SHUJ108,,1,Pink Leather Juttis with Gota Work,pink-leather-juttis-with-gota-work-shuj108,Juttis,footwear/juttis,Ethnic Wear,Pink,SHUJ108,Cobble,,2200,1100,20,3 to 4 Weeks,2,4,No,,1,1,1,Non Returnable,"Ditch your heels, juttis are women's best friend for every occasion.<ul><li>Color: Pink</li><li>Material(s): Genuine Leather</li><li>Care: Dry Clean Only</li><li>Weight (GRAMS): NA</li></ul>",,Genuine Leather,,0,1,0,0,1,1,1,0,1,1,1,0,1,1,,,,,Kamal,size,"36,37,38,39,47",None,Shubhi,,EX_FC_VL_DEL_KAP,,,,,,,,,,,,,"SHUJ10836, SHUJ10837, SHUJ10838, SHUJ10839, SHUJ10847",size,"36,37,38,39,47",EX000000,Footwear
"store_us,store_in,store_stage_en,global_m_sv,india_m_sv","app_us,app_in,store_stage,global_m_web,india_m_web",Women,simple,"15,17,36,19,37",SHUJ109,SHUJ10936,36,0,Golden Leather Juttis with Sequins & Ghungroos,golden-leather-juttis-with-sequins-&-ghungroos-shuj109,Juttis,footwear/juttis,Ethnic Wear,Golden,SHUJ109,Cobble,,2200,1100,20,3 to 4 Weeks,1,1,No,36,1,1,1,Non Returnable,"Ditch your heels, juttis are women's best friend for every occasion.<ul><li>Color: Golden</li><li>Material(s): Genuine Leather</li><li>Care: Dry Clean Only</li><li>Weight (GRAMS): NA</li></ul>",,Genuine Leather,1,0,1,0,0,1,1,1,0,1,1,1,0,1,1,,,,,Kamal,,,None,Shubhi,,EX_FC_VL_DEL_KAP,,,,,,,,,,,,,,,,,Footwear
"store_us,store_in,store_stage_en,global_m_sv,india_m_sv","app_us,app_in,store_stage,global_m_web,india_m_web",Women,simple,"15,17,36,19,37",SHUJ109,SHUJ10937,37,0,Golden Leather Juttis with Sequins & Ghungroos,golden-leather-juttis-with-sequins-&-ghungroos-shuj109,Juttis,footwear/juttis,Ethnic Wear,Golden,SHUJ109,Cobble,,2200,1100,20,3 to 4 Weeks,1,1,No,37,1,1,1,Non Returnable,"Ditch your heels, juttis are women's best friend for every occasion.<ul><li>Color: Golden</li><li>Material(s): Genuine Leather</li><li>Care: Dry Clean Only</li><li>Weight (GRAMS): NA</li></ul>",,Genuine Leather,1,0,1,0,0,1,1,1,0,1,1,1,0,1,1,,,,,Kamal,,,None,Shubhi,,EX_FC_VL_DEL_KAP,,,,,,,,,,,,,,,,,Footwear
"store_us,store_in,store_stage_en,global_m_sv,india_m_sv","app_us,app_in,store_stage,global_m_web,india_m_web",Women,simple,"15,17,36,19,37",SHUJ109,SHUJ10938,38,0,Golden Leather Juttis with Sequins & Ghungroos,golden-leather-juttis-with-sequins-&-ghungroos-shuj109,Juttis,footwear/juttis,Ethnic Wear,Golden,SHUJ109,Cobble,,2200,1100,20,3 to 4 Weeks,1,1,No,38,1,1,1,Non Returnable,"Ditch your heels, juttis are women's best friend for every occasion.<ul><li>Color: Golden</li><li>Material(s): Genuine Leather</li><li>Care: Dry Clean Only</li><li>Weight (GRAMS): NA</li></ul>",,Genuine Leather,1,0,1,0,0,1,1,1,0,1,1,1,0,1,1,,,,,Kamal,,,None,Shubhi,,EX_FC_VL_DEL_KAP,,,,,,,,,,,,,,,,,Footwear
"store_us,store_in,store_stage_en,global_m_sv,india_m_sv","app_us,app_in,store_stage,global_m_web,india_m_web",Women,simple,"15,17,36,19,37",SHUJ109,SHUJ10939,39,0,Golden Leather Juttis with Sequins & Ghungroos,golden-leather-juttis-with-sequins-&-ghungroos-shuj109,Juttis,footwear/juttis,Ethnic Wear,Golden,SHUJ109,Cobble,,2200,1100,20,3 to 4 Weeks,1,1,No,39,1,1,1,Non Returnable,"Ditch your heels, juttis are women's best friend for every occasion.<ul><li>Color: Golden</li><li>Material(s): Genuine Leather</li><li>Care: Dry Clean Only</li><li>Weight (GRAMS): NA</li></ul>",,Genuine Leather,1,0,1,0,0,1,1,1,0,1,1,1,0,1,1,,,,,Kamal,,,None,Shubhi,,EX_FC_VL_DEL_KAP,,,,,,,,,,,,,,,,,Footwear
"store_us,store_in,store_stage_en,global_m_sv,india_m_sv","app_us,app_in,store_stage,global_m_web,india_m_web",Women,simple,"15,17,36,19,37",SHUJ109,SHUJ10948,48,0,Golden Leather Juttis with Sequins & Ghungroos,golden-leather-juttis-with-sequins-&-ghungroos-shuj109,Juttis,footwear/juttis,Ethnic Wear,Golden,SHUJ109,Cobble,,2200,1100,20,3 to 4 Weeks,1,1,No,48,1,1,1,Non Returnable,"Ditch your heels, juttis are women's best friend for every occasion.<ul><li>Color: Golden</li><li>Material(s): Genuine Leather</li><li>Care: Dry Clean Only</li><li>Weight (GRAMS): NA</li></ul>",,Genuine Leather,1,0,1,0,0,1,1,1,0,1,1,1,0,1,1,,,,,Kamal,,,None,Shubhi,,EX_FC_VL_DEL_KAP,,,,,,,,,,,,,,,,,Footwear
"store_us,store_in,store_stage_en,global_m_sv,india_m_sv","app_us,app_in,store_stage,global_m_web,india_m_web",Women,configurable,"15,17,36,19,37",SHUJ109,SHUJ109,,1,Golden Leather Juttis with Sequins & Ghungroos,golden-leather-juttis-with-sequins-&-ghungroos-shuj109,Juttis,footwear/juttis,Ethnic Wear,Golden,SHUJ109,Cobble,,2200,1100,20,3 to 4 Weeks,2,4,No,,1,1,1,Non Returnable,"Ditch your heels, juttis are women's best friend for every occasion.<ul><li>Color: Golden</li><li>Material(s): Genuine Leather</li><li>Care: Dry Clean Only</li><li>Weight (GRAMS): NA</li></ul>",,Genuine Leather,,0,1,0,0,1,1,1,0,1,1,1,0,1,1,,,,,Kamal,size,"36,37,38,39,48",None,Shubhi,,EX_FC_VL_DEL_KAP,,,,,,,,,,,,,"SHUJ10936, SHUJ10937, SHUJ10938, SHUJ10939, SHUJ10948",size,"36,37,38,39,48",EX000000,Footwear
"store_us,store_in,store_stage_en,global_m_sv,india_m_sv","app_us,app_in,store_stage,global_m_web,india_m_web",Women,simple,"15,17,36,19,37",SHUJ110,SHUJ11036,36,0,Handcrafted Golden Leather Juttis,handcrafted-golden-leather-juttis-shuj110,Juttis,footwear/juttis,Ethnic Wear,Golden,SHUJ110,Cobble,,2000,1000,20,3 to 4 Weeks,1,1,No,36,1,1,1,Non Returnable,"Ditch your heels, juttis are women's best friend for every occasion.<ul><li>Color: Golden</li><li>Material(s): Genuine Leather</li><li>Care: Dry Clean Only</li><li>Weight (GRAMS): NA</li></ul>",,Genuine Leather,1,0,1,0,0,1,1,1,0,1,1,1,0,1,1,,,,,Kamal,,,None,Shubhi,,EX_FC_VL_DEL_KAP,,,,,,,,,,,,,,,,,Footwear
"store_us,store_in,store_stage_en,global_m_sv,india_m_sv","app_us,app_in,store_stage,global_m_web,india_m_web",Women,simple,"15,17,36,19,37",SHUJ110,SHUJ11037,37,0,Handcrafted Golden Leather Juttis,handcrafted-golden-leather-juttis-shuj110,Juttis,footwear/juttis,Ethnic Wear,Golden,SHUJ110,Cobble,,2000,1000,20,3 to 4 Weeks,1,1,No,37,1,1,1,Non Returnable,"Ditch your heels, juttis are women's best friend for every occasion.<ul><li>Color: Golden</li><li>Material(s): Genuine Leather</li><li>Care: Dry Clean Only</li><li>Weight (GRAMS): NA</li></ul>",,Genuine Leather,1,0,1,0,0,1,1,1,0,1,1,1,0,1,1,,,,,Kamal,,,None,Shubhi,,EX_FC_VL_DEL_KAP,,,,,,,,,,,,,,,,,Footwear
"store_us,store_in,store_stage_en,global_m_sv,india_m_sv","app_us,app_in,store_stage,global_m_web,india_m_web",Women,simple,"15,17,36,19,37",SHUJ110,SHUJ11038,38,0,Handcrafted Golden Leather Juttis,handcrafted-golden-leather-juttis-shuj110,Juttis,footwear/juttis,Ethnic Wear,Golden,SHUJ110,Cobble,,2000,1000,20,3 to 4 Weeks,1,1,No,38,1,1,1,Non Returnable,"Ditch your heels, juttis are women's best friend for every occasion.<ul><li>Color: Golden</li><li>Material(s): Genuine Leather</li><li>Care: Dry Clean Only</li><li>Weight (GRAMS): NA</li></ul>",,Genuine Leather,1,0,1,0,0,1,1,1,0,1,1,1,0,1,1,,,,,Kamal,,,None,Shubhi,,EX_FC_VL_DEL_KAP,,,,,,,,,,,,,,,,,Footwear
"store_us,store_in,store_stage_en,global_m_sv,india_m_sv","app_us,app_in,store_stage,global_m_web,india_m_web",Women,simple,"15,17,36,19,37",SHUJ110,SHUJ11039,39,0,Handcrafted Golden Leather Juttis,handcrafted-golden-leather-juttis-shuj110,Juttis,footwear/juttis,Ethnic Wear,Golden,SHUJ110,Cobble,,2000,1000,20,3 to 4 Weeks,1,1,No,39,1,1,1,Non Returnable,"Ditch your heels, juttis are women's best friend for every occasion.<ul><li>Color: Golden</li><li>Material(s): Genuine Leather</li><li>Care: Dry Clean Only</li><li>Weight (GRAMS): NA</li></ul>",,Genuine Leather,1,0,1,0,0,1,1,1,0,1,1,1,0,1,1,,,,,Kamal,,,None,Shubhi,,EX_FC_VL_DEL_KAP,,,,,,,,,,,,,,,,,Footwear
"store_us,store_in,store_stage_en,global_m_sv,india_m_sv","app_us,app_in,store_stage,global_m_web,india_m_web",Women,simple,"15,17,36,19,37",SHUJ110,SHUJ11049,49,0,Handcrafted Golden Leather Juttis,handcrafted-golden-leather-juttis-shuj110,Juttis,footwear/juttis,Ethnic Wear,Golden,SHUJ110,Cobble,,2000,1000,20,3 to 4 Weeks,1,1,No,49,1,1,1,Non Returnable,"Ditch your heels, juttis are women's best friend for every occasion.<ul><li>Color: Golden</li><li>Material(s): Genuine Leather</li><li>Care: Dry Clean Only</li><li>Weight (GRAMS): NA</li></ul>",,Genuine Leather,1,0,1,0,0,1,1,1,0,1,1,1,0,1,1,,,,,Kamal,,,None,Shubhi,,EX_FC_VL_DEL_KAP,,,,,,,,,,,,,,,,,Footwear
"store_us,store_in,store_stage_en,global_m_sv,india_m_sv","app_us,app_in,store_stage,global_m_web,india_m_web",Women,configurable,"15,17,36,19,37",SHUJ110,SHUJ110,,1,Handcrafted Golden Leather Juttis,handcrafted-golden-leather-juttis-shuj110,Juttis,footwear/juttis,Ethnic Wear,Golden,SHUJ110,Cobble,,2000,1000,20,3 to 4 Weeks,2,4,No,,1,1,1,Non Returnable,"Ditch your heels, juttis are women's best friend for every occasion.<ul><li>Color: Golden</li><li>Material(s): Genuine Leather</li><li>Care: Dry Clean Only</li><li>Weight (GRAMS): NA</li></ul>",,Genuine Leather,,0,1,0,0,1,1,1,0,1,1,1,0,1,1,,,,,Kamal,size,"36,37,38,39,49",None,Shubhi,,EX_FC_VL_DEL_KAP,,,,,,,,,,,,,"SHUJ11036, SHUJ11037, SHUJ11038, SHUJ11039, SHUJ11049",size,"36,37,38,39,49",EX000000,Footwear
"store_us,store_in,store_stage_en,global_m_sv,india_m_sv","app_us,app_in,store_stage,global_m_web,india_m_web",Women,simple,"15,17,36,19,37",SHUJ111,SHUJ11136,36,0,Mauve Leather Juttis with Pearls ,mauve-leather-juttis-with-pearls--shuj111,Juttis,footwear/juttis,Ethnic Wear,Mauve,SHUJ111,Cobble,,2000,1000,20,3 to 4 Weeks,1,1,No,36,1,1,1,Non Returnable,"Ditch your heels, juttis are women's best friend for every occasion.<ul><li>Color: Mauve</li><li>Material(s): Genuine Leather</li><li>Care: Dry Clean Only</li><li>Weight (GRAMS): NA</li></ul>",,Genuine Leather,1,0,1,0,0,1,1,1,0,1,1,1,0,1,1,,,,,Kamal,,,None,Shubhi,,EX_FC_VL_DEL_KAP,,,,,,,,,,,,,,,,,Footwear
"store_us,store_in,store_stage_en,global_m_sv,india_m_sv","app_us,app_in,store_stage,global_m_web,india_m_web",Women,simple,"15,17,36,19,37",SHUJ111,SHUJ11137,37,0,Mauve Leather Juttis with Pearls ,mauve-leather-juttis-with-pearls--shuj111,Juttis,footwear/juttis,Ethnic Wear,Mauve,SHUJ111,Cobble,,2000,1000,20,3 to 4 Weeks,1,1,No,37,1,1,1,Non Returnable,"Ditch your heels, juttis are women's best friend for every occasion.<ul><li>Color: Mauve</li><li>Material(s): Genuine Leather</li><li>Care: Dry Clean Only</li><li>Weight (GRAMS): NA</li></ul>",,Genuine Leather,1,0,1,0,0,1,1,1,0,1,1,1,0,1,1,,,,,Kamal,,,None,Shubhi,,EX_FC_VL_DEL_KAP,,,,,,,,,,,,,,,,,Footwear
"store_us,store_in,store_stage_en,global_m_sv,india_m_sv","app_us,app_in,store_stage,global_m_web,india_m_web",Women,simple,"15,17,36,19,37",SHUJ111,SHUJ11138,38,0,Mauve Leather Juttis with Pearls ,mauve-leather-juttis-with-pearls--shuj111,Juttis,footwear/juttis,Ethnic Wear,Mauve,SHUJ111,Cobble,,2000,1000,20,3 to 4 Weeks,1,1,No,38,1,1,1,Non Returnable,"Ditch your heels, juttis are women's best friend for every occasion.<ul><li>Color: Mauve</li><li>Material(s): Genuine Leather</li><li>Care: Dry Clean Only</li><li>Weight (GRAMS): NA</li></ul>",,Genuine Leather,1,0,1,0,0,1,1,1,0,1,1,1,0,1,1,,,,,Kamal,,,None,Shubhi,,EX_FC_VL_DEL_KAP,,,,,,,,,,,,,,,,,Footwear
"store_us,store_in,store_stage_en,global_m_sv,india_m_sv","app_us,app_in,store_stage,global_m_web,india_m_web",Women,simple,"15,17,36,19,37",SHUJ111,SHUJ11139,39,0,Mauve Leather Juttis with Pearls ,mauve-leather-juttis-with-pearls--shuj111,Juttis,footwear/juttis,Ethnic Wear,Mauve,SHUJ111,Cobble,,2000,1000,20,3 to 4 Weeks,1,1,No,39,1,1,1,Non Returnable,"Ditch your heels, juttis are women's best friend for every occasion.<ul><li>Color: Mauve</li><li>Material(s): Genuine Leather</li><li>Care: Dry Clean Only</li><li>Weight (GRAMS): NA</li></ul>",,Genuine Leather,1,0,1,0,0,1,1,1,0,1,1,1,0,1,1,,,,,Kamal,,,None,Shubhi,,EX_FC_VL_DEL_KAP,,,,,,,,,,,,,,,,,Footwear
"store_us,store_in,store_stage_en,global_m_sv,india_m_sv","app_us,app_in,store_stage,global_m_web,india_m_web",Women,simple,"15,17,36,19,37",SHUJ111,SHUJ11150,50,0,Mauve Leather Juttis with Pearls ,mauve-leather-juttis-with-pearls--shuj111,Juttis,footwear/juttis,Ethnic Wear,Mauve,SHUJ111,Cobble,,2000,1000,20,3 to 4 Weeks,1,1,No,50,1,1,1,Non Returnable,"Ditch your heels, juttis are women's best friend for every occasion.<ul><li>Color: Mauve</li><li>Material(s): Genuine Leather</li><li>Care: Dry Clean Only</li><li>Weight (GRAMS): NA</li></ul>",,Genuine Leather,1,0,1,0,0,1,1,1,0,1,1,1,0,1,1,,,,,Kamal,,,None,Shubhi,,EX_FC_VL_DEL_KAP,,,,,,,,,,,,,,,,,Footwear
"store_us,store_in,store_stage_en,global_m_sv,india_m_sv","app_us,app_in,store_stage,global_m_web,india_m_web",Women,configurable,"15,17,36,19,37",SHUJ111,SHUJ111,,1,Mauve Leather Juttis with Pearls ,mauve-leather-juttis-with-pearls--shuj111,Juttis,footwear/juttis,Ethnic Wear,Mauve,SHUJ111,Cobble,,2000,1000,20,3 to 4 Weeks,2,4,No,,1,1,1,Non Returnable,"Ditch your heels, juttis are women's best friend for every occasion.<ul><li>Color: Mauve</li><li>Material(s): Genuine Leather</li><li>Care: Dry Clean Only</li><li>Weight (GRAMS): NA</li></ul>",,Genuine Leather,,0,1,0,0,1,1,1,0,1,1,1,0,1,1,,,,,Kamal,size,"36,37,38,39,50",None,Shubhi,,EX_FC_VL_DEL_KAP,,,,,,,,,,,,,"SHUJ11136, SHUJ11137, SHUJ11138, SHUJ11139, SHUJ11150",size,"36,37,38,39,50",EX000000,Footwear
"store_us,store_in,store_stage_en,global_m_sv,india_m_sv","app_us,app_in,store_stage,global_m_web,india_m_web",Women,simple,"15,17,36,19,37",SHUJ112,SHUJ11236,36,0,Handcrafted Blue Leather Juttis,handcrafted-blue-leather-juttis-shuj112,Juttis,footwear/juttis,Ethnic Wear,Blue,SHUJ112,Cobble,,1500,700,20,3 to 4 Weeks,1,1,No,36,1,1,1,Non Returnable,"Ditch your heels, juttis are women's best friend for every occasion.<ul><li>Color: Blue</li><li>Material(s): Genuine Leather</li><li>Care: Dry Clean Only</li><li>Weight (GRAMS): NA</li></ul>",,Genuine Leather,1,0,1,0,0,1,1,1,0,1,1,1,0,1,1,,,,,Kamal,,,None,Shubhi,,EX_FC_VL_DEL_KAP,,,,,,,,,,,,,,,,,Footwear
"store_us,store_in,store_stage_en,global_m_sv,india_m_sv","app_us,app_in,store_stage,global_m_web,india_m_web",Women,simple,"15,17,36,19,37",SHUJ112,SHUJ11237,37,0,Handcrafted Blue Leather Juttis,handcrafted-blue-leather-juttis-shuj112,Juttis,footwear/juttis,Ethnic Wear,Blue,SHUJ112,Cobble,,1500,700,20,3 to 4 Weeks,1,1,No,37,1,1,1,Non Returnable,"Ditch your heels, juttis are women's best friend for every occasion.<ul><li>Color: Blue</li><li>Material(s): Genuine Leather</li><li>Care: Dry Clean Only</li><li>Weight (GRAMS): NA</li></ul>",,Genuine Leather,1,0,1,0,0,1,1,1,0,1,1,1,0,1,1,,,,,Kamal,,,None,Shubhi,,EX_FC_VL_DEL_KAP,,,,,,,,,,,,,,,,,Footwear
"store_us,store_in,store_stage_en,global_m_sv,india_m_sv","app_us,app_in,store_stage,global_m_web,india_m_web",Women,simple,"15,17,36,19,37",SHUJ112,SHUJ11238,38,0,Handcrafted Blue Leather Juttis,handcrafted-blue-leather-juttis-shuj112,Juttis,footwear/juttis,Ethnic Wear,Blue,SHUJ112,Cobble,,1500,700,20,3 to 4 Weeks,1,1,No,38,1,1,1,Non Returnable,"Ditch your heels, juttis are women's best friend for every occasion.<ul><li>Color: Blue</li><li>Material(s): Genuine Leather</li><li>Care: Dry Clean Only</li><li>Weight (GRAMS): NA</li></ul>",,Genuine Leather,1,0,1,0,0,1,1,1,0,1,1,1,0,1,1,,,,,Kamal,,,None,Shubhi,,EX_FC_VL_DEL_KAP,,,,,,,,,,,,,,,,,Footwear
"store_us,store_in,store_stage_en,global_m_sv,india_m_sv","app_us,app_in,store_stage,global_m_web,india_m_web",Women,simple,"15,17,36,19,37",SHUJ112,SHUJ11239,39,0,Handcrafted Blue Leather Juttis,handcrafted-blue-leather-juttis-shuj112,Juttis,footwear/juttis,Ethnic Wear,Blue,SHUJ112,Cobble,,1500,700,20,3 to 4 Weeks,1,1,No,39,1,1,1,Non Returnable,"Ditch your heels, juttis are women's best friend for every occasion.<ul><li>Color: Blue</li><li>Material(s): Genuine Leather</li><li>Care: Dry Clean Only</li><li>Weight (GRAMS): NA</li></ul>",,Genuine Leather,1,0,1,0,0,1,1,1,0,1,1,1,0,1,1,,,,,Kamal,,,None,Shubhi,,EX_FC_VL_DEL_KAP,,,,,,,,,,,,,,,,,Footwear
"store_us,store_in,store_stage_en,global_m_sv,india_m_sv","app_us,app_in,store_stage,global_m_web,india_m_web",Women,simple,"15,17,36,19,37",SHUJ112,SHUJ11251,51,0,Handcrafted Blue Leather Juttis,handcrafted-blue-leather-juttis-shuj112,Juttis,footwear/juttis,Ethnic Wear,Blue,SHUJ112,Cobble,,1500,700,20,3 to 4 Weeks,1,1,No,51,1,1,1,Non Returnable,"Ditch your heels, juttis are women's best friend for every occasion.<ul><li>Color: Blue</li><li>Material(s): Genuine Leather</li><li>Care: Dry Clean Only</li><li>Weight (GRAMS): NA</li></ul>",,Genuine Leather,1,0,1,0,0,1,1,1,0,1,1,1,0,1,1,,,,,Kamal,,,None,Shubhi,,EX_FC_VL_DEL_KAP,,,,,,,,,,,,,,,,,Footwear
"store_us,store_in,store_stage_en,global_m_sv,india_m_sv","app_us,app_in,store_stage,global_m_web,india_m_web",Women,configurable,"15,17,36,19,37",SHUJ112,SHUJ112,,1,Handcrafted Blue Leather Juttis,handcrafted-blue-leather-juttis-shuj112,Juttis,footwear/juttis,Ethnic Wear,Blue,SHUJ112,Cobble,,1500,700,20,3 to 4 Weeks,2,4,No,,1,1,1,Non Returnable,"Ditch your heels, juttis are women's best friend for every occasion.<ul><li>Color: Blue</li><li>Material(s): Genuine Leather</li><li>Care: Dry Clean Only</li><li>Weight (GRAMS): NA</li></ul>",,Genuine Leather,,0,1,0,0,1,1,1,0,1,1,1,0,1,1,,,,,Kamal,size,"36,37,38,39,51",None,Shubhi,,EX_FC_VL_DEL_KAP,,,,,,,,,,,,,"SHUJ11236, SHUJ11237, SHUJ11238, SHUJ11239, SHUJ11251",size,"36,37,38,39,51",EX000000,Footwear
"store_us,store_in,store_stage_en,global_m_sv,india_m_sv","app_us,app_in,store_stage,global_m_web,india_m_web",Women,simple,"15,17,36,19,37",SHUJ113,SHUJ11336,36,0,Yellow Floral Print Leather Juttis,yellow-floral-print-leather-juttis-shuj113,Juttis,footwear/juttis,Ethnic Wear,Yellow,SHUJ113,Cobble,,1500,700,20,3 to 4 Weeks,1,1,No,36,1,1,1,Non Returnable,"Ditch your heels, juttis are women's best friend for every occasion.<ul><li>Color: Yellow</li><li>Material(s): Genuine Leather</li><li>Care: Dry Clean Only</li><li>Weight (GRAMS): NA</li></ul>",,Genuine Leather,1,0,1,0,0,1,1,1,0,1,1,1,0,1,1,,,,,Kamal,,,None,Shubhi,,EX_FC_VL_DEL_KAP,,,,,,,,,,,,,,,,,Footwear
"store_us,store_in,store_stage_en,global_m_sv,india_m_sv","app_us,app_in,store_stage,global_m_web,india_m_web",Women,simple,"15,17,36,19,37",SHUJ113,SHUJ11337,37,0,Yellow Floral Print Leather Juttis,yellow-floral-print-leather-juttis-shuj113,Juttis,footwear/juttis,Ethnic Wear,Yellow,SHUJ113,Cobble,,1500,700,20,3 to 4 Weeks,1,1,No,37,1,1,1,Non Returnable,"Ditch your heels, juttis are women's best friend for every occasion.<ul><li>Color: Yellow</li><li>Material(s): Genuine Leather</li><li>Care: Dry Clean Only</li><li>Weight (GRAMS): NA</li></ul>",,Genuine Leather,1,0,1,0,0,1,1,1,0,1,1,1,0,1,1,,,,,Kamal,,,None,Shubhi,,EX_FC_VL_DEL_KAP,,,,,,,,,,,,,,,,,Footwear
"store_us,store_in,store_stage_en,global_m_sv,india_m_sv","app_us,app_in,store_stage,global_m_web,india_m_web",Women,simple,"15,17,36,19,37",SHUJ113,SHUJ11338,38,0,Yellow Floral Print Leather Juttis,yellow-floral-print-leather-juttis-shuj113,Juttis,footwear/juttis,Ethnic Wear,Yellow,SHUJ113,Cobble,,1500,700,20,3 to 4 Weeks,1,1,No,38,1,1,1,Non Returnable,"Ditch your heels, juttis are women's best friend for every occasion.<ul><li>Color: Yellow</li><li>Material(s): Genuine Leather</li><li>Care: Dry Clean Only</li><li>Weight (GRAMS): NA</li></ul>",,Genuine Leather,1,0,1,0,0,1,1,1,0,1,1,1,0,1,1,,,,,Kamal,,,None,Shubhi,,EX_FC_VL_DEL_KAP,,,,,,,,,,,,,,,,,Footwear
"store_us,store_in,store_stage_en,global_m_sv,india_m_sv","app_us,app_in,store_stage,global_m_web,india_m_web",Women,simple,"15,17,36,19,37",SHUJ113,SHUJ11339,39,0,Yellow Floral Print Leather Juttis,yellow-floral-print-leather-juttis-shuj113,Juttis,footwear/juttis,Ethnic Wear,Yellow,SHUJ113,Cobble,,1500,700,20,3 to 4 Weeks,1,1,No,39,1,1,1,Non Returnable,"Ditch your heels, juttis are women's best friend for every occasion.<ul><li>Color: Yellow</li><li>Material(s): Genuine Leather</li><li>Care: Dry Clean Only</li><li>Weight (GRAMS): NA</li></ul>",,Genuine Leather,1,0,1,0,0,1,1,1,0,1,1,1,0,1,1,,,,,Kamal,,,None,Shubhi,,EX_FC_VL_DEL_KAP,,,,,,,,,,,,,,,,,Footwear
"store_us,store_in,store_stage_en,global_m_sv,india_m_sv","app_us,app_in,store_stage,global_m_web,india_m_web",Women,simple,"15,17,36,19,37",SHUJ113,SHUJ11352,52,0,Yellow Floral Print Leather Juttis,yellow-floral-print-leather-juttis-shuj113,Juttis,footwear/juttis,Ethnic Wear,Yellow,SHUJ113,Cobble,,1500,700,20,3 to 4 Weeks,1,1,No,52,1,1,1,Non Returnable,"Ditch your heels, juttis are women's best friend for every occasion.<ul><li>Color: Yellow</li><li>Material(s): Genuine Leather</li><li>Care: Dry Clean Only</li><li>Weight (GRAMS): NA</li></ul>",,Genuine Leather,1,0,1,0,0,1,1,1,0,1,1,1,0,1,1,,,,,Kamal,,,None,Shubhi,,EX_FC_VL_DEL_KAP,,,,,,,,,,,,,,,,,Footwear
"store_us,store_in,store_stage_en,global_m_sv,india_m_sv","app_us,app_in,store_stage,global_m_web,india_m_web",Women,configurable,"15,17,36,19,37",SHUJ113,SHUJ113,,1,Yellow Floral Print Leather Juttis,yellow-floral-print-leather-juttis-shuj113,Juttis,footwear/juttis,Ethnic Wear,Yellow,SHUJ113,Cobble,,1500,700,20,3 to 4 Weeks,2,4,No,,1,1,1,Non Returnable,"Ditch your heels, juttis are women's best friend for every occasion.<ul><li>Color: Yellow</li><li>Material(s): Genuine Leather</li><li>Care: Dry Clean Only</li><li>Weight (GRAMS): NA</li></ul>",,Genuine Leather,,0,1,0,0,1,1,1,0,1,1,1,0,1,1,,,,,Kamal,size,"36,37,38,39,52",None,Shubhi,,EX_FC_VL_DEL_KAP,,,,,,,,,,,,,"SHUJ11336, SHUJ11337, SHUJ11338, SHUJ11339, SHUJ11352",size,"36,37,38,39,52",EX000000,Footwear
"store_us,store_in,store_stage_en,global_m_sv,india_m_sv","app_us,app_in,store_stage,global_m_web,india_m_web",Women,simple,"15,17,36,19,37",SHUJ114,SHUJ11436,36,0,Coral Leather Juttis with Pearls,coral-leather-juttis-with-pearls-shuj114,Juttis,footwear/juttis,Ethnic Wear,Coral,SHUJ114,Cobble,,2200,1100,20,3 to 4 Weeks,1,1,No,36,1,1,1,Non Returnable,"Ditch your heels, juttis are women's best friend for every occasion.<ul><li>Color: Coral</li><li>Material(s): Genuine Leather</li><li>Care: Dry Clean Only</li><li>Weight (GRAMS): NA</li></ul>",,Genuine Leather,1,0,1,0,0,1,1,1,0,1,1,1,0,1,1,,,,,Kamal,,,None,Shubhi,,EX_FC_VL_DEL_KAP,,,,,,,,,,,,,,,,,Footwear
"store_us,store_in,store_stage_en,global_m_sv,india_m_sv","app_us,app_in,store_stage,global_m_web,india_m_web",Women,simple,"15,17,36,19,37",SHUJ114,SHUJ11437,37,0,Coral Leather Juttis with Pearls,coral-leather-juttis-with-pearls-shuj114,Juttis,footwear/juttis,Ethnic Wear,Coral,SHUJ114,Cobble,,2200,1100,20,3 to 4 Weeks,1,1,No,37,1,1,1,Non Returnable,"Ditch your heels, juttis are women's best friend for every occasion.<ul><li>Color: Coral</li><li>Material(s): Genuine Leather</li><li>Care: Dry Clean Only</li><li>Weight (GRAMS): NA</li></ul>",,Genuine Leather,1,0,1,0,0,1,1,1,0,1,1,1,0,1,1,,,,,Kamal,,,None,Shubhi,,EX_FC_VL_DEL_KAP,,,,,,,,,,,,,,,,,Footwear
"store_us,store_in,store_stage_en,global_m_sv,india_m_sv","app_us,app_in,store_stage,global_m_web,india_m_web",Women,simple,"15,17,36,19,37",SHUJ114,SHUJ11438,38,0,Coral Leather Juttis with Pearls,coral-leather-juttis-with-pearls-shuj114,Juttis,footwear/juttis,Ethnic Wear,Coral,SHUJ114,Cobble,,2200,1100,20,3 to 4 Weeks,1,1,No,38,1,1,1,Non Returnable,"Ditch your heels, juttis are women's best friend for every occasion.<ul><li>Color: Coral</li><li>Material(s): Genuine Leather</li><li>Care: Dry Clean Only</li><li>Weight (GRAMS): NA</li></ul>",,Genuine Leather,1,0,1,0,0,1,1,1,0,1,1,1,0,1,1,,,,,Kamal,,,None,Shubhi,,EX_FC_VL_DEL_KAP,,,,,,,,,,,,,,,,,Footwear
"store_us,store_in,store_stage_en,global_m_sv,india_m_sv","app_us,app_in,store_stage,global_m_web,india_m_web",Women,simple,"15,17,36,19,37",SHUJ114,SHUJ11439,39,0,Coral Leather Juttis with Pearls,coral-leather-juttis-with-pearls-shuj114,Juttis,footwear/juttis,Ethnic Wear,Coral,SHUJ114,Cobble,,2200,1100,20,3 to 4 Weeks,1,1,No,39,1,1,1,Non Returnable,"Ditch your heels, juttis are women's best friend for every occasion.<ul><li>Color: Coral</li><li>Material(s): Genuine Leather</li><li>Care: Dry Clean Only</li><li>Weight (GRAMS): NA</li></ul>",,Genuine Leather,1,0,1,0,0,1,1,1,0,1,1,1,0,1,1,,,,,Kamal,,,None,Shubhi,,EX_FC_VL_DEL_KAP,,,,,,,,,,,,,,,,,Footwear
"store_us,store_in,store_stage_en,global_m_sv,india_m_sv","app_us,app_in,store_stage,global_m_web,india_m_web",Women,simple,"15,17,36,19,37",SHUJ114,SHUJ11453,53,0,Coral Leather Juttis with Pearls,coral-leather-juttis-with-pearls-shuj114,Juttis,footwear/juttis,Ethnic Wear,Coral,SHUJ114,Cobble,,2200,1100,20,3 to 4 Weeks,1,1,No,53,1,1,1,Non Returnable,"Ditch your heels, juttis are women's best friend for every occasion.<ul><li>Color: Coral</li><li>Material(s): Genuine Leather</li><li>Care: Dry Clean Only</li><li>Weight (GRAMS): NA</li></ul>",,Genuine Leather,1,0,1,0,0,1,1,1,0,1,1,1,0,1,1,,,,,Kamal,,,None,Shubhi,,EX_FC_VL_DEL_KAP,,,,,,,,,,,,,,,,,Footwear
"store_us,store_in,store_stage_en,global_m_sv,india_m_sv","app_us,app_in,store_stage,global_m_web,india_m_web",Women,configurable,"15,17,36,19,37",SHUJ114,SHUJ114,,1,Coral Leather Juttis with Pearls,coral-leather-juttis-with-pearls-shuj114,Juttis,footwear/juttis,Ethnic Wear,Coral,SHUJ114,Cobble,,2200,1100,20,3 to 4 Weeks,2,4,No,,1,1,1,Non Returnable,"Ditch your heels, juttis are women's best friend for every occasion.<ul><li>Color: Coral</li><li>Material(s): Genuine Leather</li><li>Care: Dry Clean Only</li><li>Weight (GRAMS): NA</li></ul>",,Genuine Leather,,0,1,0,0,1,1,1,0,1,1,1,0,1,1,,,,,Kamal,size,"36,37,38,39,53",None,Shubhi,,EX_FC_VL_DEL_KAP,,,,,,,,,,,,,"SHUJ11436, SHUJ11437, SHUJ11438, SHUJ11439, SHUJ11453",size,"36,37,38,39,53",EX000000,Footwear
"store_us,store_in,store_stage_en,global_m_sv,india_m_sv","app_us,app_in,store_stage,global_m_web,india_m_web",Women,simple,"15,17,36,19,37",SHUJ115,SHUJ11536,36,0,Red Leather Juttis with Sequins & Zari Work,red-leather-juttis-with-sequins-&-zari-work-shuj115,Juttis,footwear/juttis,Ethnic Wear,Red,SHUJ115,Cobble,,2200,1100,20,3 to 4 Weeks,1,1,No,36,1,1,1,Non Returnable,"Ditch your heels, juttis are women's best friend for every occasion.<ul><li>Color: Red</li><li>Material(s): Genuine Leather</li><li>Care: Dry Clean Only</li><li>Weight (GRAMS): NA</li></ul>",,Genuine Leather,1,0,1,0,0,1,1,1,0,1,1,1,0,1,1,,,,,Kamal,,,None,Shubhi,,EX_FC_VL_DEL_KAP,,,,,,,,,,,,,,,,,Footwear
"store_us,store_in,store_stage_en,global_m_sv,india_m_sv","app_us,app_in,store_stage,global_m_web,india_m_web",Women,simple,"15,17,36,19,37",SHUJ115,SHUJ11537,37,0,Red Leather Juttis with Sequins & Zari Work,red-leather-juttis-with-sequins-&-zari-work-shuj115,Juttis,footwear/juttis,Ethnic Wear,Red,SHUJ115,Cobble,,2200,1100,20,3 to 4 Weeks,1,1,No,37,1,1,1,Non Returnable,"Ditch your heels, juttis are women's best friend for every occasion.<ul><li>Color: Red</li><li>Material(s): Genuine Leather</li><li>Care: Dry Clean Only</li><li>Weight (GRAMS): NA</li></ul>",,Genuine Leather,1,0,1,0,0,1,1,1,0,1,1,1,0,1,1,,,,,Kamal,,,None,Shubhi,,EX_FC_VL_DEL_KAP,,,,,,,,,,,,,,,,,Footwear
"store_us,store_in,store_stage_en,global_m_sv,india_m_sv","app_us,app_in,store_stage,global_m_web,india_m_web",Women,simple,"15,17,36,19,37",SHUJ115,SHUJ11538,38,0,Red Leather Juttis with Sequins & Zari Work,red-leather-juttis-with-sequins-&-zari-work-shuj115,Juttis,footwear/juttis,Ethnic Wear,Red,SHUJ115,Cobble,,2200,1100,20,3 to 4 Weeks,1,1,No,38,1,1,1,Non Returnable,"Ditch your heels, juttis are women's best friend for every occasion.<ul><li>Color: Red</li><li>Material(s): Genuine Leather</li><li>Care: Dry Clean Only</li><li>Weight (GRAMS): NA</li></ul>",,Genuine Leather,1,0,1,0,0,1,1,1,0,1,1,1,0,1,1,,,,,Kamal,,,None,Shubhi,,EX_FC_VL_DEL_KAP,,,,,,,,,,,,,,,,,Footwear
"store_us,store_in,store_stage_en,global_m_sv,india_m_sv","app_us,app_in,store_stage,global_m_web,india_m_web",Women,simple,"15,17,36,19,37",SHUJ115,SHUJ11539,39,0,Red Leather Juttis with Sequins & Zari Work,red-leather-juttis-with-sequins-&-zari-work-shuj115,Juttis,footwear/juttis,Ethnic Wear,Red,SHUJ115,Cobble,,2200,1100,20,3 to 4 Weeks,1,1,No,39,1,1,1,Non Returnable,"Ditch your heels, juttis are women's best friend for every occasion.<ul><li>Color: Red</li><li>Material(s): Genuine Leather</li><li>Care: Dry Clean Only</li><li>Weight (GRAMS): NA</li></ul>",,Genuine Leather,1,0,1,0,0,1,1,1,0,1,1,1,0,1,1,,,,,Kamal,,,None,Shubhi,,EX_FC_VL_DEL_KAP,,,,,,,,,,,,,,,,,Footwear
"store_us,store_in,store_stage_en,global_m_sv,india_m_sv","app_us,app_in,store_stage,global_m_web,india_m_web",Women,simple,"15,17,36,19,37",SHUJ115,SHUJ11554,54,0,Red Leather Juttis with Sequins & Zari Work,red-leather-juttis-with-sequins-&-zari-work-shuj115,Juttis,footwear/juttis,Ethnic Wear,Red,SHUJ115,Cobble,,2200,1100,20,3 to 4 Weeks,1,1,No,54,1,1,1,Non Returnable,"Ditch your heels, juttis are women's best friend for every occasion.<ul><li>Color: Red</li><li>Material(s): Genuine Leather</li><li>Care: Dry Clean Only</li><li>Weight (GRAMS): NA</li></ul>",,Genuine Leather,1,0,1,0,0,1,1,1,0,1,1,1,0,1,1,,,,,Kamal,,,None,Shubhi,,EX_FC_VL_DEL_KAP,,,,,,,,,,,,,,,,,Footwear
"store_us,store_in,store_stage_en,global_m_sv,india_m_sv","app_us,app_in,store_stage,global_m_web,india_m_web",Women,configurable,"15,17,36,19,37",SHUJ115,SHUJ115,,1,Red Leather Juttis with Sequins & Zari Work,red-leather-juttis-with-sequins-&-zari-work-shuj115,Juttis,footwear/juttis,Ethnic Wear,Red,SHUJ115,Cobble,,2200,1100,20,3 to 4 Weeks,2,4,No,,1,1,1,Non Returnable,"Ditch your heels, juttis are women's best friend for every occasion.<ul><li>Color: Red</li><li>Material(s): Genuine Leather</li><li>Care: Dry Clean Only</li><li>Weight (GRAMS): NA</li></ul>",,Genuine Leather,,0,1,0,0,1,1,1,0,1,1,1,0,1,1,,,,,Kamal,size,"36,37,38,39,54",None,Shubhi,,EX_FC_VL_DEL_KAP,,,,,,,,,,,,,"SHUJ11536, SHUJ11537, SHUJ11538, SHUJ11539, SHUJ11554",size,"36,37,38,39,54",EX000000,Footwear
"store_us,store_in,store_stage_en,global_m_sv,india_m_sv","app_us,app_in,store_stage,global_m_web,india_m_web",Women,simple,"15,17,36,19,37",SHUJ116,SHUJ11636,36,0,Pink Leather Juttis with Sequins & Mirror Work,pink-leather-juttis-with-sequins-&-mirror-work-shuj116,Juttis,footwear/juttis,Ethnic Wear,Pink,SHUJ116,Cobble,,2200,1100,20,3 to 4 Weeks,1,1,No,36,1,1,1,Non Returnable,"Ditch your heels, juttis are women's best friend for every occasion.<ul><li>Color: Pink</li><li>Material(s): Genuine Leather</li><li>Care: Dry Clean Only</li><li>Weight (GRAMS): NA</li></ul>",,Genuine Leather,1,0,1,0,0,1,1,1,0,1,1,1,0,1,1,,,,,Kamal,,,None,Shubhi,,EX_FC_VL_DEL_KAP,,,,,,,,,,,,,,,,,Footwear
"store_us,store_in,store_stage_en,global_m_sv,india_m_sv","app_us,app_in,store_stage,global_m_web,india_m_web",Women,simple,"15,17,36,19,37",SHUJ116,SHUJ11637,37,0,Pink Leather Juttis with Sequins & Mirror Work,pink-leather-juttis-with-sequins-&-mirror-work-shuj116,Juttis,footwear/juttis,Ethnic Wear,Pink,SHUJ116,Cobble,,2200,1100,20,3 to 4 Weeks,1,1,No,37,1,1,1,Non Returnable,"Ditch your heels, juttis are women's best friend for every occasion.<ul><li>Color: Pink</li><li>Material(s): Genuine Leather</li><li>Care: Dry Clean Only</li><li>Weight (GRAMS): NA</li></ul>",,Genuine Leather,1,0,1,0,0,1,1,1,0,1,1,1,0,1,1,,,,,Kamal,,,None,Shubhi,,EX_FC_VL_DEL_KAP,,,,,,,,,,,,,,,,,Footwear
"store_us,store_in,store_stage_en,global_m_sv,india_m_sv","app_us,app_in,store_stage,global_m_web,india_m_web",Women,simple,"15,17,36,19,37",SHUJ116,SHUJ11638,38,0,Pink Leather Juttis with Sequins & Mirror Work,pink-leather-juttis-with-sequins-&-mirror-work-shuj116,Juttis,footwear/juttis,Ethnic Wear,Pink,SHUJ116,Cobble,,2200,1100,20,3 to 4 Weeks,1,1,No,38,1,1,1,Non Returnable,"Ditch your heels, juttis are women's best friend for every occasion.<ul><li>Color: Pink</li><li>Material(s): Genuine Leather</li><li>Care: Dry Clean Only</li><li>Weight (GRAMS): NA</li></ul>",,Genuine Leather,1,0,1,0,0,1,1,1,0,1,1,1,0,1,1,,,,,Kamal,,,None,Shubhi,,EX_FC_VL_DEL_KAP,,,,,,,,,,,,,,,,,Footwear
"store_us,store_in,store_stage_en,global_m_sv,india_m_sv","app_us,app_in,store_stage,global_m_web,india_m_web",Women,simple,"15,17,36,19,37",SHUJ116,SHUJ11639,39,0,Pink Leather Juttis with Sequins & Mirror Work,pink-leather-juttis-with-sequins-&-mirror-work-shuj116,Juttis,footwear/juttis,Ethnic Wear,Pink,SHUJ116,Cobble,,2200,1100,20,3 to 4 Weeks,1,1,No,39,1,1,1,Non Returnable,"Ditch your heels, juttis are women's best friend for every occasion.<ul><li>Color: Pink</li><li>Material(s): Genuine Leather</li><li>Care: Dry Clean Only</li><li>Weight (GRAMS): NA</li></ul>",,Genuine Leather,1,0,1,0,0,1,1,1,0,1,1,1,0,1,1,,,,,Kamal,,,None,Shubhi,,EX_FC_VL_DEL_KAP,,,,,,,,,,,,,,,,,Footwear
"store_us,store_in,store_stage_en,global_m_sv,india_m_sv","app_us,app_in,store_stage,global_m_web,india_m_web",Women,simple,"15,17,36,19,37",SHUJ116,SHUJ11655,55,0,Pink Leather Juttis with Sequins & Mirror Work,pink-leather-juttis-with-sequins-&-mirror-work-shuj116,Juttis,footwear/juttis,Ethnic Wear,Pink,SHUJ116,Cobble,,2200,1100,20,3 to 4 Weeks,1,1,No,55,1,1,1,Non Returnable,"Ditch your heels, juttis are women's best friend for every occasion.<ul><li>Color: Pink</li><li>Material(s): Genuine Leather</li><li>Care: Dry Clean Only</li><li>Weight (GRAMS): NA</li></ul>",,Genuine Leather,1,0,1,0,0,1,1,1,0,1,1,1,0,1,1,,,,,Kamal,,,None,Shubhi,,EX_FC_VL_DEL_KAP,,,,,,,,,,,,,,,,,Footwear
"store_us,store_in,store_stage_en,global_m_sv,india_m_sv","app_us,app_in,store_stage,global_m_web,india_m_web",Women,configurable,"15,17,36,19,37",SHUJ116,SHUJ116,,1,Pink Leather Juttis with Sequins & Mirror Work,pink-leather-juttis-with-sequins-&-mirror-work-shuj116,Juttis,footwear/juttis,Ethnic Wear,Pink,SHUJ116,Cobble,,2200,1100,20,3 to 4 Weeks,2,4,No,,1,1,1,Non Returnable,"Ditch your heels, juttis are women's best friend for every occasion.<ul><li>Color: Pink</li><li>Material(s): Genuine Leather</li><li>Care: Dry Clean Only</li><li>Weight (GRAMS): NA</li></ul>",,Genuine Leather,,0,1,0,0,1,1,1,0,1,1,1,0,1,1,,,,,Kamal,size,"36,37,38,39,55",None,Shubhi,,EX_FC_VL_DEL_KAP,,,,,,,,,,,,,"SHUJ11636, SHUJ11637, SHUJ11638, SHUJ11639, SHUJ11655",size,"36,37,38,39,55",EX000000,Footwear
"store_us,store_in,store_stage_en,global_m_sv,india_m_sv","app_us,app_in,store_stage,global_m_web,india_m_web",Women,simple,"15,17,36,19,37",SHUJ117,SHUJ11736,36,0,Golden Leather Juttis with Zari Work,golden-leather-juttis-with-zari-work-shuj117,Juttis,footwear/juttis,Ethnic Wear,Golden,SHUJ117,Cobble,,1800,900,20,3 to 4 Weeks,1,1,No,36,1,1,1,Non Returnable,"Ditch your heels, juttis are women's best friend for every occasion.<ul><li>Color: Golden</li><li>Material(s): Genuine Leather</li><li>Care: Dry Clean Only</li><li>Weight (GRAMS): NA</li></ul>",,Genuine Leather,1,0,1,0,0,1,1,1,0,1,1,1,0,1,1,,,,,Kamal,,,None,Shubhi,,EX_FC_VL_DEL_KAP,,,,,,,,,,,,,,,,,Footwear
"store_us,store_in,store_stage_en,global_m_sv,india_m_sv","app_us,app_in,store_stage,global_m_web,india_m_web",Women,simple,"15,17,36,19,37",SHUJ117,SHUJ11737,37,0,Golden Leather Juttis with Zari Work,golden-leather-juttis-with-zari-work-shuj117,Juttis,footwear/juttis,Ethnic Wear,Golden,SHUJ117,Cobble,,1800,900,20,3 to 4 Weeks,1,1,No,37,1,1,1,Non Returnable,"Ditch your heels, juttis are women's best friend for every occasion.<ul><li>Color: Golden</li><li>Material(s): Genuine Leather</li><li>Care: Dry Clean Only</li><li>Weight (GRAMS): NA</li></ul>",,Genuine Leather,1,0,1,0,0,1,1,1,0,1,1,1,0,1,1,,,,,Kamal,,,None,Shubhi,,EX_FC_VL_DEL_KAP,,,,,,,,,,,,,,,,,Footwear
"store_us,store_in,store_stage_en,global_m_sv,india_m_sv","app_us,app_in,store_stage,global_m_web,india_m_web",Women,simple,"15,17,36,19,37",SHUJ117,SHUJ11738,38,0,Golden Leather Juttis with Zari Work,golden-leather-juttis-with-zari-work-shuj117,Juttis,footwear/juttis,Ethnic Wear,Golden,SHUJ117,Cobble,,1800,900,20,3 to 4 Weeks,1,1,No,38,1,1,1,Non Returnable,"Ditch your heels, juttis are women's best friend for every occasion.<ul><li>Color: Golden</li><li>Material(s): Genuine Leather</li><li>Care: Dry Clean Only</li><li>Weight (GRAMS): NA</li></ul>",,Genuine Leather,1,0,1,0,0,1,1,1,0,1,1,1,0,1,1,,,,,Kamal,,,None,Shubhi,,EX_FC_VL_DEL_KAP,,,,,,,,,,,,,,,,,Footwear
"store_us,store_in,store_stage_en,global_m_sv,india_m_sv","app_us,app_in,store_stage,global_m_web,india_m_web",Women,simple,"15,17,36,19,37",SHUJ117,SHUJ11739,39,0,Golden Leather Juttis with Zari Work,golden-leather-juttis-with-zari-work-shuj117,Juttis,footwear/juttis,Ethnic Wear,Golden,SHUJ117,Cobble,,1800,900,20,3 to 4 Weeks,1,1,No,39,1,1,1,Non Returnable,"Ditch your heels, juttis are women's best friend for every occasion.<ul><li>Color: Golden</li><li>Material(s): Genuine Leather</li><li>Care: Dry Clean Only</li><li>Weight (GRAMS): NA</li></ul>",,Genuine Leather,1,0,1,0,0,1,1,1,0,1,1,1,0,1,1,,,,,Kamal,,,None,Shubhi,,EX_FC_VL_DEL_KAP,,,,,,,,,,,,,,,,,Footwear
"store_us,store_in,store_stage_en,global_m_sv,india_m_sv","app_us,app_in,store_stage,global_m_web,india_m_web",Women,simple,"15,17,36,19,37",SHUJ117,SHUJ11756,56,0,Golden Leather Juttis with Zari Work,golden-leather-juttis-with-zari-work-shuj117,Juttis,footwear/juttis,Ethnic Wear,Golden,SHUJ117,Cobble,,1800,900,20,3 to 4 Weeks,1,1,No,56,1,1,1,Non Returnable,"Ditch your heels, juttis are women's best friend for every occasion.<ul><li>Color: Golden</li><li>Material(s): Genuine Leather</li><li>Care: Dry Clean Only</li><li>Weight (GRAMS): NA</li></ul>",,Genuine Leather,1,0,1,0,0,1,1,1,0,1,1,1,0,1,1,,,,,Kamal,,,None,Shubhi,,EX_FC_VL_DEL_KAP,,,,,,,,,,,,,,,,,Footwear
"store_us,store_in,store_stage_en,global_m_sv,india_m_sv","app_us,app_in,store_stage,global_m_web,india_m_web",Women,configurable,"15,17,36,19,37",SHUJ117,SHUJ117,,1,Golden Leather Juttis with Zari Work,golden-leather-juttis-with-zari-work-shuj117,Juttis,footwear/juttis,Ethnic Wear,Golden,SHUJ117,Cobble,,1800,900,20,3 to 4 Weeks,2,4,No,,1,1,1,Non Returnable,"Ditch your heels, juttis are women's best friend for every occasion.<ul><li>Color: Golden</li><li>Material(s): Genuine Leather</li><li>Care: Dry Clean Only</li><li>Weight (GRAMS): NA</li></ul>",,Genuine Leather,,0,1,0,0,1,1,1,0,1,1,1,0,1,1,,,,,Kamal,size,"36,37,38,39,56",None,Shubhi,,EX_FC_VL_DEL_KAP,,,,,,,,,,,,,"SHUJ11736, SHUJ11737, SHUJ11738, SHUJ11739, SHUJ11756",size,"36,37,38,39,56",EX000000,Footwear
"store_us,store_in,store_stage_en,global_m_sv,india_m_sv","app_us,app_in,store_stage,global_m_web,india_m_web",Women,simple,"15,17,36,19,37",SHUJ118,SHUJ11836,36,0,Paisley Orange Leather Juttis with Zari Work,paisley-orange-leather-juttis-with-zari-work-shuj118,Juttis,footwear/juttis,Ethnic Wear,Orange,SHUJ118,Cobble,,2200,1100,20,3 to 4 Weeks,1,1,No,36,1,1,1,Non Returnable,"Ditch your heels, juttis are women's best friend for every occasion.<ul><li>Color: Orange</li><li>Material(s): Genuine Leather</li><li>Care: Dry Clean Only</li><li>Weight (GRAMS): NA</li></ul>",,Genuine Leather,1,0,1,0,0,1,1,1,0,1,1,1,0,1,1,,,,,Kamal,,,None,Shubhi,,EX_FC_VL_DEL_KAP,,,,,,,,,,,,,,,,,Footwear
"store_us,store_in,store_stage_en,global_m_sv,india_m_sv","app_us,app_in,store_stage,global_m_web,india_m_web",Women,simple,"15,17,36,19,37",SHUJ118,SHUJ11837,37,0,Paisley Orange Leather Juttis with Zari Work,paisley-orange-leather-juttis-with-zari-work-shuj118,Juttis,footwear/juttis,Ethnic Wear,Orange,SHUJ118,Cobble,,2200,1100,20,3 to 4 Weeks,1,1,No,37,1,1,1,Non Returnable,"Ditch your heels, juttis are women's best friend for every occasion.<ul><li>Color: Orange</li><li>Material(s): Genuine Leather</li><li>Care: Dry Clean Only</li><li>Weight (GRAMS): NA</li></ul>",,Genuine Leather,1,0,1,0,0,1,1,1,0,1,1,1,0,1,1,,,,,Kamal,,,None,Shubhi,,EX_FC_VL_DEL_KAP,,,,,,,,,,,,,,,,,Footwear
"store_us,store_in,store_stage_en,global_m_sv,india_m_sv","app_us,app_in,store_stage,global_m_web,india_m_web",Women,simple,"15,17,36,19,37",SHUJ118,SHUJ11838,38,0,Paisley Orange Leather Juttis with Zari Work,paisley-orange-leather-juttis-with-zari-work-shuj118,Juttis,footwear/juttis,Ethnic Wear,Orange,SHUJ118,Cobble,,2200,1100,20,3 to 4 Weeks,1,1,No,38,1,1,1,Non Returnable,"Ditch your heels, juttis are women's best friend for every occasion.<ul><li>Color: Orange</li><li>Material(s): Genuine Leather</li><li>Care: Dry Clean Only</li><li>Weight (GRAMS): NA</li></ul>",,Genuine Leather,1,0,1,0,0,1,1,1,0,1,1,1,0,1,1,,,,,Kamal,,,None,Shubhi,,EX_FC_VL_DEL_KAP,,,,,,,,,,,,,,,,,Footwear
"store_us,store_in,store_stage_en,global_m_sv,india_m_sv","app_us,app_in,store_stage,global_m_web,india_m_web",Women,simple,"15,17,36,19,37",SHUJ118,SHUJ11839,39,0,Paisley Orange Leather Juttis with Zari Work,paisley-orange-leather-juttis-with-zari-work-shuj118,Juttis,footwear/juttis,Ethnic Wear,Orange,SHUJ118,Cobble,,2200,1100,20,3 to 4 Weeks,1,1,No,39,1,1,1,Non Returnable,"Ditch your heels, juttis are women's best friend for every occasion.<ul><li>Color: Orange</li><li>Material(s): Genuine Leather</li><li>Care: Dry Clean Only</li><li>Weight (GRAMS): NA</li></ul>",,Genuine Leather,1,0,1,0,0,1,1,1,0,1,1,1,0,1,1,,,,,Kamal,,,None,Shubhi,,EX_FC_VL_DEL_KAP,,,,,,,,,,,,,,,,,Footwear
"store_us,store_in,store_stage_en,global_m_sv,india_m_sv","app_us,app_in,store_stage,global_m_web,india_m_web",Women,simple,"15,17,36,19,37",SHUJ118,SHUJ11857,57,0,Paisley Orange Leather Juttis with Zari Work,paisley-orange-leather-juttis-with-zari-work-shuj118,Juttis,footwear/juttis,Ethnic Wear,Orange,SHUJ118,Cobble,,2200,1100,20,3 to 4 Weeks,1,1,No,57,1,1,1,Non Returnable,"Ditch your heels, juttis are women's best friend for every occasion.<ul><li>Color: Orange</li><li>Material(s): Genuine Leather</li><li>Care: Dry Clean Only</li><li>Weight (GRAMS): NA</li></ul>",,Genuine Leather,1,0,1,0,0,1,1,1,0,1,1,1,0,1,1,,,,,Kamal,,,None,Shubhi,,EX_FC_VL_DEL_KAP,,,,,,,,,,,,,,,,,Footwear
"store_us,store_in,store_stage_en,global_m_sv,india_m_sv","app_us,app_in,store_stage,global_m_web,india_m_web",Women,configurable,"15,17,36,19,37",SHUJ118,SHUJ118,,1,Paisley Orange Leather Juttis with Zari Work,paisley-orange-leather-juttis-with-zari-work-shuj118,Juttis,footwear/juttis,Ethnic Wear,Orange,SHUJ118,Cobble,,2200,1100,20,3 to 4 Weeks,2,4,No,,1,1,1,Non Returnable,"Ditch your heels, juttis are women's best friend for every occasion.<ul><li>Color: Orange</li><li>Material(s): Genuine Leather</li><li>Care: Dry Clean Only</li><li>Weight (GRAMS): NA</li></ul>",,Genuine Leather,,0,1,0,0,1,1,1,0,1,1,1,0,1,1,,,,,Kamal,size,"36,37,38,39,57",None,Shubhi,,EX_FC_VL_DEL_KAP,,,,,,,,,,,,,"SHUJ11836, SHUJ11837, SHUJ11838, SHUJ11839, SHUJ11857",size,"36,37,38,39,57",EX000000,Footwear
"store_us,store_in,store_stage_en,global_m_sv,india_m_sv","app_us,app_in,store_stage,global_m_web,india_m_web",Women,simple,"15,17,36,19,37",SHUJ119,SHUJ11936,36,0,Handcrafted Silver Leather Juttis with Pearls,handcrafted-silver-leather-juttis-with-pearls-shuj119,Juttis,footwear/juttis,Ethnic Wear,Silver,SHUJ119,Cobble,,2200,1100,20,3 to 4 Weeks,1,1,No,36,1,1,1,Non Returnable,"Ditch your heels, juttis are women's best friend for every occasion.<ul><li>Color: Silver</li><li>Material(s): Genuine Leather</li><li>Care: Dry Clean Only</li><li>Weight (GRAMS): NA</li></ul>",,Genuine Leather,1,0,1,0,0,1,1,1,0,1,1,1,0,1,1,,,,,Kamal,,,None,Shubhi,,EX_FC_VL_DEL_KAP,,,,,,,,,,,,,,,,,Footwear
"store_us,store_in,store_stage_en,global_m_sv,india_m_sv","app_us,app_in,store_stage,global_m_web,india_m_web",Women,simple,"15,17,36,19,37",SHUJ119,SHUJ11937,37,0,Handcrafted Silver Leather Juttis with Pearls,handcrafted-silver-leather-juttis-with-pearls-shuj119,Juttis,footwear/juttis,Ethnic Wear,Silver,SHUJ119,Cobble,,2200,1100,20,3 to 4 Weeks,1,1,No,37,1,1,1,Non Returnable,"Ditch your heels, juttis are women's best friend for every occasion.<ul><li>Color: Silver</li><li>Material(s): Genuine Leather</li><li>Care: Dry Clean Only</li><li>Weight (GRAMS): NA</li></ul>",,Genuine Leather,1,0,1,0,0,1,1,1,0,1,1,1,0,1,1,,,,,Kamal,,,None,Shubhi,,EX_FC_VL_DEL_KAP,,,,,,,,,,,,,,,,,Footwear
"store_us,store_in,store_stage_en,global_m_sv,india_m_sv","app_us,app_in,store_stage,global_m_web,india_m_web",Women,simple,"15,17,36,19,37",SHUJ119,SHUJ11938,38,0,Handcrafted Silver Leather Juttis with Pearls,handcrafted-silver-leather-juttis-with-pearls-shuj119,Juttis,footwear/juttis,Ethnic Wear,Silver,SHUJ119,Cobble,,2200,1100,20,3 to 4 Weeks,1,1,No,38,1,1,1,Non Returnable,"Ditch your heels, juttis are women's best friend for every occasion.<ul><li>Color: Silver</li><li>Material(s): Genuine Leather</li><li>Care: Dry Clean Only</li><li>Weight (GRAMS): NA</li></ul>",,Genuine Leather,1,0,1,0,0,1,1,1,0,1,1,1,0,1,1,,,,,Kamal,,,None,Shubhi,,EX_FC_VL_DEL_KAP,,,,,,,,,,,,,,,,,Footwear
"store_us,store_in,store_stage_en,global_m_sv,india_m_sv","app_us,app_in,store_stage,global_m_web,india_m_web",Women,simple,"15,17,36,19,37",SHUJ119,SHUJ11939,39,0,Handcrafted Silver Leather Juttis with Pearls,handcrafted-silver-leather-juttis-with-pearls-shuj119,Juttis,footwear/juttis,Ethnic Wear,Silver,SHUJ119,Cobble,,2200,1100,20,3 to 4 Weeks,1,1,No,39,1,1,1,Non Returnable,"Ditch your heels, juttis are women's best friend for every occasion.<ul><li>Color: Silver</li><li>Material(s): Genuine Leather</li><li>Care: Dry Clean Only</li><li>Weight (GRAMS): NA</li></ul>",,Genuine Leather,1,0,1,0,0,1,1,1,0,1,1,1,0,1,1,,,,,Kamal,,,None,Shubhi,,EX_FC_VL_DEL_KAP,,,,,,,,,,,,,,,,,Footwear
"store_us,store_in,store_stage_en,global_m_sv,india_m_sv","app_us,app_in,store_stage,global_m_web,india_m_web",Women,simple,"15,17,36,19,37",SHUJ119,SHUJ11958,58,0,Handcrafted Silver Leather Juttis with Pearls,handcrafted-silver-leather-juttis-with-pearls-shuj119,Juttis,footwear/juttis,Ethnic Wear,Silver,SHUJ119,Cobble,,2200,1100,20,3 to 4 Weeks,1,1,No,58,1,1,1,Non Returnable,"Ditch your heels, juttis are women's best friend for every occasion.<ul><li>Color: Silver</li><li>Material(s): Genuine Leather</li><li>Care: Dry Clean Only</li><li>Weight (GRAMS): NA</li></ul>",,Genuine Leather,1,0,1,0,0,1,1,1,0,1,1,1,0,1,1,,,,,Kamal,,,None,Shubhi,,EX_FC_VL_DEL_KAP,,,,,,,,,,,,,,,,,Footwear
"store_us,store_in,store_stage_en,global_m_sv,india_m_sv","app_us,app_in,store_stage,global_m_web,india_m_web",Women,configurable,"15,17,36,19,37",SHUJ119,SHUJ119,,1,Handcrafted Silver Leather Juttis with Pearls,handcrafted-silver-leather-juttis-with-pearls-shuj119,Juttis,footwear/juttis,Ethnic Wear,Silver,SHUJ119,Cobble,,2200,1100,20,3 to 4 Weeks,2,4,No,,1,1,1,Non Returnable,"Ditch your heels, juttis are women's best friend for every occasion.<ul><li>Color: Silver</li><li>Material(s): Genuine Leather</li><li>Care: Dry Clean Only</li><li>Weight (GRAMS): NA</li></ul>",,Genuine Leather,,0,1,0,0,1,1,1,0,1,1,1,0,1,1,,,,,Kamal,size,"36,37,38,39,58",None,Shubhi,,EX_FC_VL_DEL_KAP,,,,,,,,,,,,,"SHUJ11936, SHUJ11937, SHUJ11938, SHUJ11939, SHUJ11958",size,"36,37,38,39,58",EX000000,Footwear
"store_us,store_in,store_stage_en,global_m_sv,india_m_sv","app_us,app_in,store_stage,global_m_web,india_m_web",Women,simple,"15,17,36,19,37",SHUJ120,SHUJ12036,36,0,Pink Leather Juttis with Mirror Work,pink-leather-juttis-with-mirror-work-shuj120,Juttis,footwear/juttis,Ethnic Wear,Pink,SHUJ120,Cobble,,2200,1100,20,3 to 4 Weeks,1,1,No,36,1,1,1,Non Returnable,"Ditch your heels, juttis are women's best friend for every occasion.<ul><li>Color: Pink</li><li>Material(s): Genuine Leather</li><li>Care: Dry Clean Only</li><li>Weight (GRAMS): NA</li></ul>",,Genuine Leather,1,0,1,0,0,1,1,1,0,1,1,1,0,1,1,,,,,Kamal,,,None,Shubhi,,EX_FC_VL_DEL_KAP,,,,,,,,,,,,,,,,,Footwear
"store_us,store_in,store_stage_en,global_m_sv,india_m_sv","app_us,app_in,store_stage,global_m_web,india_m_web",Women,simple,"15,17,36,19,37",SHUJ120,SHUJ12037,37,0,Pink Leather Juttis with Mirror Work,pink-leather-juttis-with-mirror-work-shuj120,Juttis,footwear/juttis,Ethnic Wear,Pink,SHUJ120,Cobble,,2200,1100,20,3 to 4 Weeks,1,1,No,37,1,1,1,Non Returnable,"Ditch your heels, juttis are women's best friend for every occasion.<ul><li>Color: Pink</li><li>Material(s): Genuine Leather</li><li>Care: Dry Clean Only</li><li>Weight (GRAMS): NA</li></ul>",,Genuine Leather,1,0,1,0,0,1,1,1,0,1,1,1,0,1,1,,,,,Kamal,,,None,Shubhi,,EX_FC_VL_DEL_KAP,,,,,,,,,,,,,,,,,Footwear
"store_us,store_in,store_stage_en,global_m_sv,india_m_sv","app_us,app_in,store_stage,global_m_web,india_m_web",Women,simple,"15,17,36,19,37",SHUJ120,SHUJ12038,38,0,Pink Leather Juttis with Mirror Work,pink-leather-juttis-with-mirror-work-shuj120,Juttis,footwear/juttis,Ethnic Wear,Pink,SHUJ120,Cobble,,2200,1100,20,3 to 4 Weeks,1,1,No,38,1,1,1,Non Returnable,"Ditch your heels, juttis are women's best friend for every occasion.<ul><li>Color: Pink</li><li>Material(s): Genuine Leather</li><li>Care: Dry Clean Only</li><li>Weight (GRAMS): NA</li></ul>",,Genuine Leather,1,0,1,0,0,1,1,1,0,1,1,1,0,1,1,,,,,Kamal,,,None,Shubhi,,EX_FC_VL_DEL_KAP,,,,,,,,,,,,,,,,,Footwear
"store_us,store_in,store_stage_en,global_m_sv,india_m_sv","app_us,app_in,store_stage,global_m_web,india_m_web",Women,simple,"15,17,36,19,37",SHUJ120,SHUJ12039,39,0,Pink Leather Juttis with Mirror Work,pink-leather-juttis-with-mirror-work-shuj120,Juttis,footwear/juttis,Ethnic Wear,Pink,SHUJ120,Cobble,,2200,1100,20,3 to 4 Weeks,1,1,No,39,1,1,1,Non Returnable,"Ditch your heels, juttis are women's best friend for every occasion.<ul><li>Color: Pink</li><li>Material(s): Genuine Leather</li><li>Care: Dry Clean Only</li><li>Weight (GRAMS): NA</li></ul>",,Genuine Leather,1,0,1,0,0,1,1,1,0,1,1,1,0,1,1,,,,,Kamal,,,None,Shubhi,,EX_FC_VL_DEL_KAP,,,,,,,,,,,,,,,,,Footwear
"store_us,store_in,store_stage_en,global_m_sv,india_m_sv","app_us,app_in,store_stage,global_m_web,india_m_web",Women,simple,"15,17,36,19,37",SHUJ120,SHUJ12059,59,0,Pink Leather Juttis with Mirror Work,pink-leather-juttis-with-mirror-work-shuj120,Juttis,footwear/juttis,Ethnic Wear,Pink,SHUJ120,Cobble,,2200,1100,20,3 to 4 Weeks,1,1,No,59,1,1,1,Non Returnable,"Ditch your heels, juttis are women's best friend for every occasion.<ul><li>Color: Pink</li><li>Material(s): Genuine Leather</li><li>Care: Dry Clean Only</li><li>Weight (GRAMS): NA</li></ul>",,Genuine Leather,1,0,1,0,0,1,1,1,0,1,1,1,0,1,1,,,,,Kamal,,,None,Shubhi,,EX_FC_VL_DEL_KAP,,,,,,,,,,,,,,,,,Footwear
"store_us,store_in,store_stage_en,global_m_sv,india_m_sv","app_us,app_in,store_stage,global_m_web,india_m_web",Women,configurable,"15,17,36,19,37",SHUJ120,SHUJ120,,1,Pink Leather Juttis with Mirror Work,pink-leather-juttis-with-mirror-work-shuj120,Juttis,footwear/juttis,Ethnic Wear,Pink,SHUJ120,Cobble,,2200,1100,20,3 to 4 Weeks,2,4,No,,1,1,1,Non Returnable,"Ditch your heels, juttis are women's best friend for every occasion.<ul><li>Color: Pink</li><li>Material(s): Genuine Leather</li><li>Care: Dry Clean Only</li><li>Weight (GRAMS): NA</li></ul>",,Genuine Leather,,0,1,0,0,1,1,1,0,1,1,1,0,1,1,,,,,Kamal,size,"36,37,38,39,59",None,Shubhi,,EX_FC_VL_DEL_KAP,,,,,,,,,,,,,"SHUJ12036, SHUJ12037, SHUJ12038, SHUJ12039, SHUJ12059",size,"36,37,38,39,59",EX000000,Footwear
