store,websites,sku,cost,price,msrp_price,shipping_days,shipping_time_filter
store_us,app_us,M-LM10FEB16104748,5942,127,127,40,40 days
store_us,app_us,M-LM10FEB16104746,5942,127,127,40,40 days
store_us,app_us,M-LM10FEB16104745,8492,182,182,40,40 days
store_us,app_us,M-LM10FEB16104742,8492,182,182,40,40 days
store_us,app_us,M-LM10FEB16104744,7642,163,163,40,40 days
store_us,app_us,M-LM10FEB16104740,6452,138,138,40,40 days
store_us,app_us,M-LM10FEB16103498,15725,336,336,40,40 days
store_us,app_us,M-LM10FEB16103511,10702,229,229,40,40 days
store_us,app_us,M-LM10FEB16103505,10455,224,224,40,40 days
store_us,app_us,M-LM10FEB16103497,13090,280,280,40,40 days
store_us,app_us,M-LM10FEB16103506,10455,224,224,40,40 days
store_us,app_us,M-LM10FEB16103492,13090,280,280,40,40 days
store_us,app_us,M-LM10FEB16103500,13090,280,280,40,40 days
store_us,app_us,M-LM10FEB16103510,15725,336,336,40,40 days
store_us,app_us,M-LM10FEB16103502,10455,224,224,40,40 days
store_us,app_us,M-LM10FEB16106742,10455,224,224,40,40 days
store_us,app_us,M-LM10FEB16106741,2542,54,54,40,40 days
store_us,app_us,M-LM10FEB16106743,2542,54,54,40,40 days
store_us,app_us,M-LM10FEB16106737,2542,54,54,40,40 days
store_us,app_us,M-LM10FEB16106738,2202,47,47,40,40 days
store_us,app_us,M-LM10FEB16106688,2202,47,47,40,40 days
store_us,app_us,M-LM10FEB16106691,3902,83,83,40,40 days
store_us,app_us,M-LM10FEB16106693,3902,83,83,40,40 days
store_us,app_us,M-LM10FEB16106690,3902,83,83,40,40 days
store_us,app_us,M-LM10FEB16106689,3902,83,83,40,40 days
store_us,app_us,M-LM10FEB16106692,3902,83,83,40,40 days
store_us,app_us,M-LM10FEB16106696,3902,83,83,40,40 days
store_us,app_us,M-LM10FEB16106695,7302,156,156,40,40 days
store_us,app_us,M-LM10FEB16106753,7302,156,156,40,40 days
store_us,app_us,M-LM10FEB16106694,4242,91,91,40,40 days
store_us,app_us,M-LM10FEB16106685,4242,91,91,40,40 days
store_us,app_us,M-LM10FEB16106686,4752,102,102,40,40 days
store_us,app_us,M-LM10FEB16106687,4752,102,102,40,40 days
store_us,app_us,M-LM10FEB16106746,4752,102,102,40,40 days
store_us,app_us,M-LM10FEB16106745,20052,429,429,40,40 days
store_us,app_us,M-LM10FEB16106752,14952,320,320,40,40 days
store_us,app_us,M-LM10FEB16106750,14952,320,320,40,40 days
store_us,app_us,M-LM10FEB16106733,14952,320,320,40,40 days
store_us,app_us,M-LM10FEB16106725,6452,138,138,40,40 days
store_us,app_us,M-LM10FEB16106711,6452,138,138,40,40 days
store_us,app_us,M-LM10FEB16106714,5602,120,120,40,40 days
store_us,app_us,M-LM10FEB16106709,5602,120,120,40,40 days
store_us,app_us,M-LM10FEB166751CG,5602,120,120,40,40 days
store_us,app_us,M-LM10FEB16106739,43852,938,938,40,40 days
store_us,app_us,M-LM10FEB16106744,37902,811,811,40,40 days
store_us,app_us,M-LM10FEB16106721,28042,600,600,40,40 days
store_us,app_us,M-LM10FEB16106758,26342,563,563,40,40 days
store_us,app_us,M-LM10FEB16106740,34502,738,738,40,40 days
store_us,app_us,M-LM10FEB16106677,41642,891,891,40,40 days
store_us,app_us,M-LM10FEB16106698,21242,454,454,40,40 days
store_us,app_us,M-LM10FEB16106718,35352,756,756,40,40 days
store_us,app_us,M-LM10FEB16106681,21752,465,465,40,40 days
store_us,app_us,M-LM10FEB16106678,23792,509,509,40,40 days
store_us,app_us,M-LM10FEB16106719,21752,465,465,40,40 days
store_us,app_us,M-LM10FEB166751PT,21752,465,465,40,40 days
store_us,app_us,M-LM10FEB16106717,23792,509,509,40,40 days
store_us,app_us,M-LM10FEB16106672,16992,363,363,40,40 days
store_us,app_us,M-LM10FEB16106674,16992,363,363,40,40 days
store_us,app_us,M-LM10FEB16106684,16992,363,363,40,40 days
store_us,app_us,M-LM10FEB16106757,24642,527,527,40,40 days
store_us,app_us,M-LM10FEB16106754,34502,738,738,40,40 days
store_us,app_us,M-LM10FEB16103478,20052,429,429,40,40 days
store_us,app_us,M-LM10FEB16104671,31450,673,673,40,40 days
store_us,app_us,M-LM10FEB16103469,31450,673,673,40,40 days
store_us,app_us,M-IC5FEB16NJW325,1138,32,32,15,15 days
store_us,app_us,M-IC5FEB16NJT325,1138,32,32,15,15 days
store_us,app_us,M-IC5FEB16NJS200,813,23,23,15,15 days
store_us,app_us,M-IC5FEB16NJH300,910,25,25,15,15 days
store_us,app_us,M-IC5FEB16NJR400,1170,33,33,15,15 days
store_us,app_us,M-IC5FEB16NJM600,1300,36,36,15,15 days
store_us,app_us,M-IC5FEB16NJA300,910,25,25,15,15 days
store_us,app_us,M-IC5FEB16NJW300,910,25,25,15,15 days
store_us,app_us,M-IC5FEB16NJM300,910,25,25,15,15 days
store_us,app_us,M-IC5FEB16NJU300,910,25,25,15,15 days
store_us,app_us,M-IC5FEB16NJE300,910,25,25,15,15 days
store_us,app_us,M-IC5FEB16NJL300,910,25,25,15,15 days
store_us,app_us,M-IC5FEB16NJP300,910,25,25,15,15 days
store_us,app_us,M-IC5FEB16NJS300,910,25,25,15,15 days
store_us,app_us,M-IC5FEB16NJF300,910,25,25,15,15 days
store_us,app_us,M-IC5FEB16NJS325,1138,32,32,15,15 days
store_us,app_us,M-IC5FEB16NJC300,1040,29,29,15,15 days
store_us,app_us,M-IC5FEB16NJB375,1138,32,32,15,15 days
store_us,app_us,M-IC5FEB16NJB450,1300,36,36,15,15 days
store_us,app_us,M-IC5FEB16NJD450,1300,36,36,15,15 days
store_us,app_us,M-IC5FEB16NJJ450,1300,36,36,15,15 days
store_us,app_us,M-IC5FEB16NJS375,1138,32,32,15,15 days
store_us,app_us,M-IC5FEB16NJV375,1138,32,32,15,15 days
store_us,app_us,M-IC5FEB16NJB325,1138,32,32,15,15 days
store_in,app_in,M-LM10FEB16104748,5942,6990,6990,38,38 days
store_in,app_in,M-LM10FEB16104746,5942,6990,6990,38,38 days
store_in,app_in,M-LM10FEB16104745,8492,9990,9990,38,38 days
store_in,app_in,M-LM10FEB16104742,8492,9990,9990,38,38 days
store_in,app_in,M-LM10FEB16104744,7642,8990,8990,38,38 days
store_in,app_in,M-LM10FEB16104740,6452,7590,7590,38,38 days
store_in,app_in,M-LM10FEB16103498,15725,18500,18500,38,38 days
store_in,app_in,M-LM10FEB16103511,10702,12590,12590,38,38 days
store_in,app_in,M-LM10FEB16103505,10455,12300,12300,38,38 days
store_in,app_in,M-LM10FEB16103497,13090,15400,15400,38,38 days
store_in,app_in,M-LM10FEB16103506,10455,12300,12300,38,38 days
store_in,app_in,M-LM10FEB16103492,13090,15400,15400,38,38 days
store_in,app_in,M-LM10FEB16103500,13090,15400,15400,38,38 days
store_in,app_in,M-LM10FEB16103510,15725,18500,18500,38,38 days
store_in,app_in,M-LM10FEB16103502,10455,12300,12300,38,38 days
store_in,app_in,M-LM10FEB16106742,10455,12300,12300,38,38 days
store_in,app_in,M-LM10FEB16106741,2542,2990,2990,38,38 days
store_in,app_in,M-LM10FEB16106743,2542,2990,2990,38,38 days
store_in,app_in,M-LM10FEB16106737,2542,2990,2990,38,38 days
store_in,app_in,M-LM10FEB16106738,2202,2590,2590,38,38 days
store_in,app_in,M-LM10FEB16106688,2202,2590,2590,38,38 days
store_in,app_in,M-LM10FEB16106691,3902,4590,4590,38,38 days
store_in,app_in,M-LM10FEB16106693,3902,4590,4590,38,38 days
store_in,app_in,M-LM10FEB16106690,3902,4590,4590,38,38 days
store_in,app_in,M-LM10FEB16106689,3902,4590,4590,38,38 days
store_in,app_in,M-LM10FEB16106692,3902,4590,4590,38,38 days
store_in,app_in,M-LM10FEB16106696,3902,4590,4590,38,38 days
store_in,app_in,M-LM10FEB16106695,7302,8590,8590,38,38 days
store_in,app_in,M-LM10FEB16106753,7302,8590,8590,38,38 days
store_in,app_in,M-LM10FEB16106694,4242,4990,4990,38,38 days
store_in,app_in,M-LM10FEB16106685,4242,4990,4990,38,38 days
store_in,app_in,M-LM10FEB16106686,4752,5590,5590,38,38 days
store_in,app_in,M-LM10FEB16106687,4752,5590,5590,38,38 days
store_in,app_in,M-LM10FEB16106746,4752,5590,5590,38,38 days
store_in,app_in,M-LM10FEB16106745,20052,23590,23590,38,38 days
store_in,app_in,M-LM10FEB16106752,14952,17590,17590,38,38 days
store_in,app_in,M-LM10FEB16106750,14952,17590,17590,38,38 days
store_in,app_in,M-LM10FEB16106733,14952,17590,17590,38,38 days
store_in,app_in,M-LM10FEB16106725,6452,7590,7590,38,38 days
store_in,app_in,M-LM10FEB16106711,6452,7590,7590,38,38 days
store_in,app_in,M-LM10FEB16106714,5602,6590,6590,38,38 days
store_in,app_in,M-LM10FEB16106709,5602,6590,6590,38,38 days
store_in,app_in,M-LM10FEB166751CG,5602,6590,6590,38,38 days
store_in,app_in,M-LM10FEB16106739,43852,51590,51590,38,38 days
store_in,app_in,M-LM10FEB16106744,37902,44590,44590,38,38 days
store_in,app_in,M-LM10FEB16106721,28042,32990,32990,38,38 days
store_in,app_in,M-LM10FEB16106758,26342,30990,30990,38,38 days
store_in,app_in,M-LM10FEB16106740,34502,40590,40590,38,38 days
store_in,app_in,M-LM10FEB16106677,41642,48990,48990,38,38 days
store_in,app_in,M-LM10FEB16106698,21242,24990,24990,38,38 days
store_in,app_in,M-LM10FEB16106718,35352,41590,41590,38,38 days
store_in,app_in,M-LM10FEB16106681,21752,25590,25590,38,38 days
store_in,app_in,M-LM10FEB16106678,23792,27990,27990,38,38 days
store_in,app_in,M-LM10FEB16106719,21752,25590,25590,38,38 days
store_in,app_in,M-LM10FEB166751PT,21752,25590,25590,38,38 days
store_in,app_in,M-LM10FEB16106717,23792,27990,27990,38,38 days
store_in,app_in,M-LM10FEB16106672,16992,19990,19990,38,38 days
store_in,app_in,M-LM10FEB16106674,16992,19990,19990,38,38 days
store_in,app_in,M-LM10FEB16106684,16992,19990,19990,38,38 days
store_in,app_in,M-LM10FEB16106757,24642,28990,28990,38,38 days
store_in,app_in,M-LM10FEB16106754,34502,40590,40590,38,38 days
store_in,app_in,M-LM10FEB16103478,20052,23590,23590,38,38 days
store_in,app_in,M-LM10FEB16104671,31450,37000,37000,38,38 days
store_in,app_in,M-LM10FEB16103469,31450,37000,37000,38,38 days
store_in,app_in,M-IC5FEB16NJW325,1138,1750,1750,13,13 days
store_in,app_in,M-IC5FEB16NJT325,1138,1750,1750,13,13 days
store_in,app_in,M-IC5FEB16NJS200,813,1250,1250,13,13 days
store_in,app_in,M-IC5FEB16NJH300,910,1400,1400,13,13 days
store_in,app_in,M-IC5FEB16NJR400,1170,1800,1800,13,13 days
store_in,app_in,M-IC5FEB16NJM600,1300,2000,2000,13,13 days
store_in,app_in,M-IC5FEB16NJA300,910,1400,1400,13,13 days
store_in,app_in,M-IC5FEB16NJW300,910,1400,1400,13,13 days
store_in,app_in,M-IC5FEB16NJM300,910,1400,1400,13,13 days
store_in,app_in,M-IC5FEB16NJU300,910,1400,1400,13,13 days
store_in,app_in,M-IC5FEB16NJE300,910,1400,1400,13,13 days
store_in,app_in,M-IC5FEB16NJL300,910,1400,1400,13,13 days
store_in,app_in,M-IC5FEB16NJP300,910,1400,1400,13,13 days
store_in,app_in,M-IC5FEB16NJS300,910,1400,1400,13,13 days
store_in,app_in,M-IC5FEB16NJF300,910,1400,1400,13,13 days
store_in,app_in,M-IC5FEB16NJS325,1138,1750,1750,13,13 days
store_in,app_in,M-IC5FEB16NJC300,1040,1600,1600,13,13 days
store_in,app_in,M-IC5FEB16NJB375,1138,1750,1750,13,13 days
store_in,app_in,M-IC5FEB16NJB450,1300,2000,2000,13,13 days
store_in,app_in,M-IC5FEB16NJD450,1300,2000,2000,13,13 days
store_in,app_in,M-IC5FEB16NJJ450,1300,2000,2000,13,13 days
store_in,app_in,M-IC5FEB16NJS375,1138,1750,1750,13,13 days
store_in,app_in,M-IC5FEB16NJV375,1138,1750,1750,13,13 days
store_in,app_in,M-IC5FEB16NJB325,1138,1750,1750,13,13 days
