store,websites,attribute_set,type,category_ids,sku,has_options,name,url_key,color,product_type_all,product_type_url,vendor_sku,shipping_days,shipping_time_filter,vendor,msrp_price,price,cost,status,visibility,enable_googlecheckout,size,extended_delivery,pre_order_item,is_product_new,is_returnable,description,tab_sizing,tab_details,qty,min_qty,use_config_min_qty,is_qty_decimal,backorders,use_config_backorders,min_sale_qty,use_config_min_sale_qty,max_sale_qty,use_config_max_sale_qty,is_in_stock,use_config_notify_stock_qty,manage_stock,use_config_manage_stock,weight,image,meta_keyword,meta_description,meta_title,merchandiser_name,configurable_attributes,simples_skus,tax_class_id,designer_brand_name,designer_cat_url,vendor_shipping_days,vendor_id,warehouse_code,gender,manage_stock,use_config_manage_stock,floor_type,vendor_code
"store_us,store_in,store_stage_en,global_m_sv,india_m_sv","app_us,app_in,store_stage,global_m_web,india_m_web",Home,simple,"15,38,70,40,71",mb-cs-001,0,"Blue, Red Printed Cotton Cushion Covers (Set of 2)","blue,-red-printed-cotton-cushion-Covers-(Setof2)-mb-cs-001","Blue, Red, White",Cushion Covers,home/cushion Covers,mb-cs-001,10,10 days,Miyanbazaz Exim,,369,258,2,4,0,"16x16""",0,0,1,Non Returnable,"Add color to your home with this handmade cushion Covers showcasing a beautiful print.<ul><li>Color: Blue, Red, White</li><li>Measurements (inches): 16x16""</li><li>Material(s): Cotton</li><li>Care: Dry Clean Only</li><li>Weight (GRAMS): NA</li></ul>","16x16""",Cotton,50,0,1,0,0,1,1,1,0,1,1,1,0,1,1,,,,,,,,0,Indiancultr,,,Miyanbazaz,EX_FC_VL_DEL_KAP,,1,1,,EX000000
"store_us,store_in,store_stage_en,global_m_sv,india_m_sv","app_us,app_in,store_stage,global_m_web,india_m_web",Home,simple,"15,38,70,40,71",mb-cs-002,0,"Grey, White Shaded Cotton Cushion Covers (Set of 2)","grey,-white-shaded-cotton-cushion-Covers-(Setof2)-mb-cs-002","Grey, White",Cushion Covers,home/cushion Covers,mb-cs-002,10,10 days,Miyanbazaz Exim,,369,258,2,4,0,"18x18""",0,0,1,Non Returnable,"Add color to your home with this handmade cushion Covers.<ul><li>Color: Grey, White</li><li>Measurements (inches): 18x18""</li><li>Material(s): Cotton</li><li>Care: Dry Clean Only</li><li>Weight (GRAMS): NA</li></ul>","18x18""",Cotton,50,0,1,0,0,1,1,1,0,1,1,1,0,1,1,,,,,,,,0,Indiancultr,,,Miyanbazaz,EX_FC_VL_DEL_KAP,,1,1,,EX000000
"store_us,store_in,store_stage_en,global_m_sv,india_m_sv","app_us,app_in,store_stage,global_m_web,india_m_web",Home,simple,"15,38,70,40,71",mb-cs-004,0,"Black, White Boat Print Cotton Cushion Covers (Set of 2)","black,-white-boat-print-cotton-cushion-Covers-(Setof2)-mb-cs-004","Black, White",Cushion Covers,home/cushion Covers,mb-cs-004,10,10 days,Miyanbazaz Exim,,369,258,2,4,0,"12x20""",0,0,1,Non Returnable,"Add color to your home with this handmade cushion Covers showcasing a beautiful print.<ul><li>Color: Black, White</li><li>Measurements (inches): 12x20""</li><li>Material(s): Cotton</li><li>Care: Dry Clean Only</li><li>Weight (GRAMS): NA</li></ul>","12x20""",Cotton,20,0,1,0,0,1,1,1,0,1,1,1,0,1,1,,,,,,,,0,Indiancultr,,,Miyanbazaz,EX_FC_VL_DEL_KAP,,1,1,,EX000000
"store_us,store_in,store_stage_en,global_m_sv,india_m_sv","app_us,app_in,store_stage,global_m_web,india_m_web",Home,simple,"15,38,70,40,71",mb-cs-005,0,"White, Red Printed Cotton Cushion Covers (Set of 2)","white,-red-printed-cotton-cushion-Covers-(Setof2)-mb-cs-005","Red, White",Cushion Covers,home/cushion Covers,mb-cs-005,10,10 days,Miyanbazaz Exim,,369,258,2,4,0,"12x20""",0,0,1,Non Returnable,"Add color to your home with this handmade cushion Covers showcasing a beautiful print.<ul><li>Color: Red, White</li><li>Measurements (inches): 12x20""</li><li>Material(s): Cotton</li><li>Care: Dry Clean Only</li><li>Weight (GRAMS): NA</li></ul>","12x20""",Cotton,20,0,1,0,0,1,1,1,0,1,1,1,0,1,1,,,,,,,,0,Indiancultr,,,Miyanbazaz,EX_FC_VL_DEL_KAP,,1,1,,EX000000
"store_us,store_in,store_stage_en,global_m_sv,india_m_sv","app_us,app_in,store_stage,global_m_web,india_m_web",Home,simple,"15,38,70,40,71",mb-cs-009,0,Blue Geometric Print Cotton Cushion Covers (Set of 2),blue-geometric-print-cotton-cushion-Covers-(Setof2)-mb-cs-009,"Blue, Grey",Cushion Covers,home/cushion Covers,mb-cs-009,10,10 days,Miyanbazaz Exim,,369,258,2,4,0,"18x18""",0,0,1,Non Returnable,"Add color to your home with this handmade cushion Covers showcasing a beautiful print.<ul><li>Color: Blue, Grey</li><li>Measurements (inches): 18x18""</li><li>Material(s): Cotton</li><li>Care: Dry Clean Only</li><li>Weight (GRAMS): NA</li></ul>","18x18""",Cotton,25,0,1,0,0,1,1,1,0,1,1,1,0,1,1,,,,,,,,0,Indiancultr,,,Miyanbazaz,EX_FC_VL_DEL_KAP,,1,1,,EX000000
"store_us,store_in,store_stage_en,global_m_sv,india_m_sv","app_us,app_in,store_stage,global_m_web,india_m_web",Home,simple,"15,38,70,40,71",mb-cs-010,0,"Blue, White Printed Cotton Cushion Covers (Set of 2)","blue,-white-printed-cotton-cushion-Covers-(Setof2)-mb-cs-010","Blue, White, Pink",Cushion Covers,home/cushion Covers,mb-cs-010,10,10 days,Miyanbazaz Exim,,369,258,2,4,0,"16x16""",0,0,1,Non Returnable,"Add color to your home with this handmade cushion Covers showcasing a beautiful print.<ul><li>Color: Blue, White, Pink</li><li>Measurements (inches): 16x16""</li><li>Material(s): Cotton</li><li>Care: Dry Clean Only</li><li>Weight (GRAMS): NA</li></ul>","16x16""",Cotton,5,0,1,0,0,1,1,1,0,1,1,1,0,1,1,,,,,,,,0,Indiancultr,,,Miyanbazaz,EX_FC_VL_DEL_KAP,,1,1,,EX000000
"store_us,store_in,store_stage_en,global_m_sv,india_m_sv","app_us,app_in,store_stage,global_m_web,india_m_web",Home,simple,"15,38,70,40,71",mb-cs-012,0,"Blue, Green Stripe Print Cotton Cushion Covers (Set of 2)","blue,-green-stripe-print-cotton-cushion-Covers-(Setof2)-mb-cs-012","Blue, Green",Cushion Covers,home/cushion Covers,mb-cs-012,10,10 days,Miyanbazaz Exim,,369,258,2,4,0,"14x20""",0,0,1,Non Returnable,"Add color to your home with this handmade cushion Covers showcasing a beautiful print.<ul><li>Color: Blue, Green</li><li>Measurements (inches): 14x20""</li><li>Material(s): Cotton</li><li>Care: Dry Clean Only</li><li>Weight (GRAMS): NA</li></ul>","14x20""",Cotton,5,0,1,0,0,1,1,1,0,1,1,1,0,1,1,,,,,,,,0,Indiancultr,,,Miyanbazaz,EX_FC_VL_DEL_KAP,,1,1,,EX000000
"store_us,store_in,store_stage_en,global_m_sv,india_m_sv","app_us,app_in,store_stage,global_m_web,india_m_web",Home,simple,"15,38,70,40,71",mb-cs-013,0,Black Paisley Print Velvet Cushion Covers (Set of 2),black-paisley-print-velvet-cushion-Covers-(Setof2)-mb-cs-013,"Golden, Black",Cushion Covers,home/cushion Covers,mb-cs-013,10,10 days,Miyanbazaz Exim,,449,314,2,4,0,"16x16""",0,0,1,Non Returnable,"Add color to your home with this handmade cushion Covers showcasing a beautiful print.<ul><li>Color: Golden, Black</li><li>Measurements (inches): 16x16""</li><li>Material(s): Velvet</li><li>Care: Dry Clean Only</li><li>Weight (GRAMS): NA</li></ul>","16x16""",Velvet,275,0,1,0,0,1,1,1,0,1,1,1,0,1,1,,,,,,,,0,Indiancultr,,,Miyanbazaz,EX_FC_VL_DEL_KAP,,1,1,,EX000000
"store_us,store_in,store_stage_en,global_m_sv,india_m_sv","app_us,app_in,store_stage,global_m_web,india_m_web",Home,simple,"15,38,70,40,71",mb-cs-015,0,Grey Floral Print Cotton Cushion Covers (Set of 2),grey-floral-print-cotton-cushion-Covers-(Setof2)-mb-cs-015,Grey,Cushion Covers,home/cushion Covers,mb-cs-015,10,10 days,Miyanbazaz Exim,,369,258,2,4,0,"20x20""",0,0,1,Non Returnable,"Add color to your home with this handmade cushion Covers showcasing a beautiful print.<ul><li>Color: Grey</li><li>Measurements (inches): 20x20""</li><li>Material(s): Cotton</li><li>Care: Dry Clean Only</li><li>Weight (GRAMS): NA</li></ul>","20x20""",Cotton,5,0,1,0,0,1,1,1,0,1,1,1,0,1,1,,,,,,,,0,Indiancultr,,,Miyanbazaz,EX_FC_VL_DEL_KAP,,1,1,,EX000000
"store_us,store_in,store_stage_en,global_m_sv,india_m_sv","app_us,app_in,store_stage,global_m_web,india_m_web",Home,simple,"15,38,70,40,71",mb-cs-019,0,"Green, Pink Printed Cotton Cushion Covers (Set of 2)","green,-pink-printed-cotton-cushion-Covers-(Setof2)-mb-cs-019","Green, Pink",Cushion Covers,home/cushion Covers,mb-cs-019,10,10 days,Miyanbazaz Exim,,369,258,2,4,0,"16x16""",0,0,1,Non Returnable,"Add color to your home with this handmade cushion Covers showcasing a beautiful print.<ul><li>Color: Green, Pink</li><li>Measurements (inches): 16x16""</li><li>Material(s): Cotton</li><li>Care: Dry Clean Only</li><li>Weight (GRAMS): NA</li></ul>","16x16""",Cotton,6,0,1,0,0,1,1,1,0,1,1,1,0,1,1,,,,,,,,0,Indiancultr,,,Miyanbazaz,EX_FC_VL_DEL_KAP,,1,1,,EX000000
"store_us,store_in,store_stage_en,global_m_sv,india_m_sv","app_us,app_in,store_stage,global_m_web,india_m_web",Home,simple,"15,38,70,40,71",mb-cs-023,0,"Orange, Blue Handmade Cotton Cushion Covers (Set of 2)","orange,-blue-handmade-cotton-cushion-Covers-(Setof2)-mb-cs-023","Orange, Blue",Cushion Covers,home/cushion Covers,mb-cs-023,10,10 days,Miyanbazaz Exim,,369,258,2,4,0,"20x20""",0,0,1,Non Returnable,"Add color to your home with this handmade cushion Covers.<ul><li>Color: Orange, Blue</li><li>Measurements (inches): 20x20""</li><li>Material(s): Cotton</li><li>Care: Dry Clean Only</li><li>Weight (GRAMS): NA</li></ul>","20x20""",Cotton,5,0,1,0,0,1,1,1,0,1,1,1,0,1,1,,,,,,,,0,Indiancultr,,,Miyanbazaz,EX_FC_VL_DEL_KAP,,1,1,,EX000000
"store_us,store_in,store_stage_en,global_m_sv,india_m_sv","app_us,app_in,store_stage,global_m_web,india_m_web",Home,simple,"15,38,70,40,71",mb-cs-025,0,"Black, White Floral Print Cotton Cushion Covers (Set of 2)","black,-white-floral-print-cotton-cushion-Covers-(Setof2)-mb-cs-025","Black, White",Cushion Covers,home/cushion Covers,mb-cs-025,10,10 days,Miyanbazaz Exim,,369,258,2,4,0,"20x20""",0,0,1,Non Returnable,"Add color to your home with this handmade cushion Covers showcasing a beautiful print.<ul><li>Color: Black, White</li><li>Measurements (inches): 20x20""</li><li>Material(s): Cotton</li><li>Care: Dry Clean Only</li><li>Weight (GRAMS): NA</li></ul>","20x20""",Cotton,10,0,1,0,0,1,1,1,0,1,1,1,0,1,1,,,,,,,,0,Indiancultr,,,Miyanbazaz,EX_FC_VL_DEL_KAP,,1,1,,EX000000
"store_us,store_in,store_stage_en,global_m_sv,india_m_sv","app_us,app_in,store_stage,global_m_web,india_m_web",Home,simple,"15,38,70,40,71",mb-cs-026,0,"White, Pink Floral Print Cotton Cushion Covers (Set of 2)","white,-pink-floral-print-cotton-cushion-Covers-(Setof2)-mb-cs-026","White, Black, Pink",Cushion Covers,home/cushion Covers,mb-cs-026,10,10 days,Miyanbazaz Exim,,369,258,2,4,0,"20x20""",0,0,1,Non Returnable,"Add color to your home with this handmade cushion Covers showcasing a beautiful print.<ul><li>Color: White, Black, Pink</li><li>Measurements (inches): 20x20""</li><li>Material(s): Cotton</li><li>Care: Dry Clean Only</li><li>Weight (GRAMS): NA</li></ul>","20x20""",Cotton,4,0,1,0,0,1,1,1,0,1,1,1,0,1,1,,,,,,,,0,Indiancultr,,,Miyanbazaz,EX_FC_VL_DEL_KAP,,1,1,,EX000000
"store_us,store_in,store_stage_en,global_m_sv,india_m_sv","app_us,app_in,store_stage,global_m_web,india_m_web",Home,simple,"15,38,70,40,71",mb-cs-027,0,Red Printed Cotton Cushion Covers (Set of 2),red-printed-cotton-cushion-Covers-(Setof2)-mb-cs-027,"Red, Pink, White",Cushion Covers,home/cushion Covers,mb-cs-027,10,10 days,Miyanbazaz Exim,,369,258,2,4,0,"20x20""",0,0,1,Non Returnable,"Add color to your home with this handmade cushion Covers showcasing a beautiful print.<ul><li>Color: Red, Pink, White</li><li>Measurements (inches): 20x20""</li><li>Material(s): Cotton</li><li>Care: Dry Clean Only</li><li>Weight (GRAMS): NA</li></ul>","20x20""",Cotton,5,0,1,0,0,1,1,1,0,1,1,1,0,1,1,,,,,,,,0,Indiancultr,,,Miyanbazaz,EX_FC_VL_DEL_KAP,,1,1,,EX000000
"store_us,store_in,store_stage_en,global_m_sv,india_m_sv","app_us,app_in,store_stage,global_m_web,india_m_web",Home,simple,"15,38,70,40,71",mb-cs-029,0,"White, Black Floral Print Cotton Cushion Covers (Set of 2)","white,-black-floral-print-cotton-cushion-Covers-(Setof2)-mb-cs-029","Black, White",Cushion Covers,home/cushion Covers,mb-cs-029,10,10 days,Miyanbazaz Exim,,369,258,2,4,0,"20x20""",0,0,1,Non Returnable,"Add color to your home with this handmade cushion Covers showcasing a beautiful print.<ul><li>Color: Black, White</li><li>Measurements (inches): 20x20""</li><li>Material(s): Cotton</li><li>Care: Dry Clean Only</li><li>Weight (GRAMS): NA</li></ul>","20x20""",Cotton,4,0,1,0,0,1,1,1,0,1,1,1,0,1,1,,,,,,,,0,Indiancultr,,,Miyanbazaz,EX_FC_VL_DEL_KAP,,1,1,,EX000000
"store_us,store_in,store_stage_en,global_m_sv,india_m_sv","app_us,app_in,store_stage,global_m_web,india_m_web",Home,simple,"15,38,70,40,71",mb-cs-030,0,Green Handmade Cotton Cushion Covers (Set of 2),green-handmade-cotton-cushion-Covers-(Setof2)-mb-cs-030,Green,Cushion Covers,home/cushion Covers,mb-cs-030,10,10 days,Miyanbazaz Exim,,369,258,2,4,0,"20x20""",0,0,1,Non Returnable,"Add color to your home with this handmade cushion Covers.<ul><li>Color: Green</li><li>Measurements (inches): 20x20""</li><li>Material(s): Cotton</li><li>Care: Dry Clean Only</li><li>Weight (GRAMS): NA</li></ul>","20x20""",Cotton,6,0,1,0,0,1,1,1,0,1,1,1,0,1,1,,,,,,,,0,Indiancultr,,,Miyanbazaz,EX_FC_VL_DEL_KAP,,1,1,,EX000000
"store_us,store_in,store_stage_en,global_m_sv,india_m_sv","app_us,app_in,store_stage,global_m_web,india_m_web",Home,simple,"15,38,70,40,71",mb-cs-031,0,Green Printed Cotton Cushion Covers (Set of 2),green-printed-cotton-cushion-Covers-(Setof2)-mb-cs-031,Green,Cushion Covers,home/cushion Covers,mb-cs-031,10,10 days,Miyanbazaz Exim,,449,314,2,4,0,"20x20""",0,0,1,Non Returnable,"Add color to your home with this handmade cushion Covers showcasing a beautiful print.<ul><li>Color: Green</li><li>Measurements (inches): 20x20""</li><li>Material(s): Cotton</li><li>Care: Dry Clean Only</li><li>Weight (GRAMS): NA</li></ul>","20x20""",Cotton,6,0,1,0,0,1,1,1,0,1,1,1,0,1,1,,,,,,,,0,Indiancultr,,,Miyanbazaz,EX_FC_VL_DEL_KAP,,1,1,,EX000000
"store_us,store_in,store_stage_en,global_m_sv,india_m_sv","app_us,app_in,store_stage,global_m_web,india_m_web",Home,simple,"15,38,70,40,71",mb-cs-032,0,Multicolored Floral Print Cotton Cushion Covers (Set of 2),multicolored-floral-print-cotton-cushion-Covers-(Setof2)-mb-cs-032,Multicolor,Cushion Covers,home/cushion Covers,mb-cs-032,10,10 days,Miyanbazaz Exim,,369,258,2,4,0,"20x20""",0,0,1,Non Returnable,"Add color to your home with this handmade cushion Covers showcasing a beautiful print.<ul><li>Color: Multicolor</li><li>Measurements (inches): 20x20""</li><li>Material(s): Cotton</li><li>Care: Dry Clean Only</li><li>Weight (GRAMS): NA</li></ul>","20x20""",Cotton,5,0,1,0,0,1,1,1,0,1,1,1,0,1,1,,,,,,,,0,Indiancultr,,,Miyanbazaz,EX_FC_VL_DEL_KAP,,1,1,,EX000000
"store_us,store_in,store_stage_en,global_m_sv,india_m_sv","app_us,app_in,store_stage,global_m_web,india_m_web",Home,simple,"15,38,70,40,71",mb-cs-036,0,"Green, White Stripe Print Velvet Cushion Covers (Set of 2)","green,-white-stripe-print-velvet-cushion-Covers-(Setof2)-mb-cs-036","Green, White, Purple",Cushion Covers,home/cushion Covers,mb-cs-036,10,10 days,Miyanbazaz Exim,,449,314,2,4,0,"20x20""",0,0,1,Non Returnable,"Add color to your home with this handmade cushion Covers showcasing a beautiful print.<ul><li>Color: Green, White, Purple</li><li>Measurements (inches): 20x20""</li><li>Material(s): Velvet</li><li>Care: Dry Clean Only</li><li>Weight (GRAMS): NA</li></ul>","20x20""",Velvet,3,0,1,0,0,1,1,1,0,1,1,1,0,1,1,,,,,,,,0,Indiancultr,,,Miyanbazaz,EX_FC_VL_DEL_KAP,,1,1,,EX000000
"store_us,store_in,store_stage_en,global_m_sv,india_m_sv","app_us,app_in,store_stage,global_m_web,india_m_web",Home,simple,"15,38,70,40,71",mb-cs-044,0,Multicolored Printed Cotton Cushion Covers (Set of 2),multicolored-printed-cotton-cushion-Covers-(Setof2)-mb-cs-044,Multicolor,Cushion Covers,home/cushion Covers,mb-cs-044,10,10 days,Miyanbazaz Exim,,369,258,2,4,0,"18x18""",0,0,1,Non Returnable,"Add color to your home with this handmade cushion Covers showcasing a beautiful print.<ul><li>Color: Multicolor</li><li>Measurements (inches): 18x18""</li><li>Material(s): Cotton</li><li>Care: Dry Clean Only</li><li>Weight (GRAMS): NA</li></ul>","18x18""",Cotton,7,0,1,0,0,1,1,1,0,1,1,1,0,1,1,,,,,,,,0,Indiancultr,,,Miyanbazaz,EX_FC_VL_DEL_KAP,,1,1,,EX000000
"store_us,store_in,store_stage_en,global_m_sv,india_m_sv","app_us,app_in,store_stage,global_m_web,india_m_web",Home,simple,"15,38,70,40,71",mb-cs-045,0,"White, Red Printed Cotton Cushion Covers (Set of 2)","white,-red-printed-cotton-cushion-Covers-(Setof2)-mb-cs-045","Red, White",Cushion Covers,home/cushion Covers,mb-cs-045,10,10 days,Miyanbazaz Exim,,369,258,2,4,0,"20x20""",0,0,1,Non Returnable,"Add color to your home with this handmade cushion Covers showcasing a beautiful print.<ul><li>Color: Red, White</li><li>Measurements (inches): 20x20""</li><li>Material(s): Cotton</li><li>Care: Dry Clean Only</li><li>Weight (GRAMS): NA</li></ul>","20x20""",Cotton,5,0,1,0,0,1,1,1,0,1,1,1,0,1,1,,,,,,,,0,Indiancultr,,,Miyanbazaz,EX_FC_VL_DEL_KAP,,1,1,,EX000000
"store_us,store_in,store_stage_en,global_m_sv,india_m_sv","app_us,app_in,store_stage,global_m_web,india_m_web",Home,simple,"15,38,70,40,71",mb-cs-047,0,Beige Printed Cotton Cushion Covers (Set of 2),beige-printed-cotton-cushion-Covers-(Setof2)-mb-cs-047,"Beige, Green, Orange",Cushion Covers,home/cushion Covers,mb-cs-047,10,10 days,Miyanbazaz Exim,,449,314,2,4,0,"20x20""",0,0,1,Non Returnable,"Add color to your home with this handmade cushion Covers showcasing a beautiful print.<ul><li>Color: Beige, Green, Orange</li><li>Measurements (inches): 20x20""</li><li>Material(s): Cotton</li><li>Care: Dry Clean Only</li><li>Weight (GRAMS): NA</li></ul>","20x20""",Cotton,6,0,1,0,0,1,1,1,0,1,1,1,0,1,1,,,,,,,,0,Indiancultr,,,Miyanbazaz,EX_FC_VL_DEL_KAP,,1,1,,EX000000
"store_us,store_in,store_stage_en,global_m_sv,india_m_sv","app_us,app_in,store_stage,global_m_web,india_m_web",Home,simple,"15,38,70,40,71",mb-cs-048,0,"Red, Green Floral Print Cotton Cushion Covers (Set of 2)","red,-green-floral-print-cotton-cushion-Covers-(Setof2)-mb-cs-048","Red, Green, White",Cushion Covers,home/cushion Covers,mb-cs-048,10,10 days,Miyanbazaz Exim,,369,258,2,4,0,"18x18""",0,0,1,Non Returnable,"Add color to your home with this handmade cushion Covers showcasing a beautiful print.<ul><li>Color: Red, Green, White</li><li>Measurements (inches): 18x18""</li><li>Material(s): Cotton</li><li>Care: Dry Clean Only</li><li>Weight (GRAMS): NA</li></ul>","18x18""",Cotton,15,0,1,0,0,1,1,1,0,1,1,1,0,1,1,,,,,,,,0,Indiancultr,,,Miyanbazaz,EX_FC_VL_DEL_KAP,,1,1,,EX000000
"store_us,store_in,store_stage_en,global_m_sv,india_m_sv","app_us,app_in,store_stage,global_m_web,india_m_web",Home,simple,"15,38,70,40,71",mb-cs-049,0,"Red, Green Floral Print Cotton Cushion Covers (Set of 2)","red,-green-floral-print-cotton-cushion-Covers-(Setof2)-mb-cs-049","Red, Green, White",Cushion Covers,home/cushion Covers,mb-cs-049,10,10 days,Miyanbazaz Exim,,369,258,2,4,0,"14x20""",0,0,1,Non Returnable,"Add color to your home with this handmade cushion Covers showcasing a beautiful print.<ul><li>Color: Red, Green, White</li><li>Measurements (inches): 14x20""</li><li>Material(s): Cotton</li><li>Care: Dry Clean Only</li><li>Weight (GRAMS): NA</li></ul>","14x20""",Cotton,4,0,1,0,0,1,1,1,0,1,1,1,0,1,1,,,,,,,,0,Indiancultr,,,Miyanbazaz,EX_FC_VL_DEL_KAP,,1,1,,EX000000
"store_us,store_in,store_stage_en,global_m_sv,india_m_sv","app_us,app_in,store_stage,global_m_web,india_m_web",Home,simple,"15,38,70,40,71",mb-cs-050,0,"Brown, Green Floral Print Cotton Cushion Covers (Set of 2)","brown,-green-floral-print-cotton-cushion-Covers-(Setof2)-mb-cs-050","Brown, Green",Cushion Covers,home/cushion Covers,mb-cs-050,10,10 days,Miyanbazaz Exim,,369,258,2,4,0,"20x20""",0,0,1,Non Returnable,"Add color to your home with this handmade cushion Covers showcasing a beautiful print.<ul><li>Color: Brown, Green</li><li>Measurements (inches): 20x20""</li><li>Material(s): Cotton</li><li>Care: Dry Clean Only</li><li>Weight (GRAMS): NA</li></ul>","20x20""",Cotton,5,0,1,0,0,1,1,1,0,1,1,1,0,1,1,,,,,,,,0,Indiancultr,,,Miyanbazaz,EX_FC_VL_DEL_KAP,,1,1,,EX000000
"store_us,store_in,store_stage_en,global_m_sv,india_m_sv","app_us,app_in,store_stage,global_m_web,india_m_web",Home,simple,"15,38,70,40,71",mb-cs-051,0,"Brown, Green Floral Print Cotton Cushion Covers (Set of 2)","brown,-green-floral-print-cotton-cushion-Covers-(Setof2)-mb-cs-051","Brown, Green, Blue",Cushion Covers,home/cushion Covers,mb-cs-051,10,10 days,Miyanbazaz Exim,,369,258,2,4,0,"20x20""",0,0,1,Non Returnable,"Add color to your home with this handmade cushion Covers showcasing a beautiful print.<ul><li>Color: Brown, Green, Blue</li><li>Measurements (inches): 20x20""</li><li>Material(s): Cotton</li><li>Care: Dry Clean Only</li><li>Weight (GRAMS): NA</li></ul>","20x20""",Cotton,4,0,1,0,0,1,1,1,0,1,1,1,0,1,1,,,,,,,,0,Indiancultr,,,Miyanbazaz,EX_FC_VL_DEL_KAP,,1,1,,EX000000
"store_us,store_in,store_stage_en,global_m_sv,india_m_sv","app_us,app_in,store_stage,global_m_web,india_m_web",Home,simple,"15,38,70,40,71",mb-cs-056,0,Multicolored Floral Print Cotton Cushion Covers (Set of 2),multicolored-floral-print-cotton-cushion-Covers-(Setof2)-mb-cs-056,Multicolor,Cushion Covers,home/cushion Covers,mb-cs-056,10,10 days,Miyanbazaz Exim,,369,258,2,4,0,"20x20""",0,0,1,Non Returnable,"Add color to your home with this handmade cushion Covers showcasing a beautiful print.<ul><li>Color: Multicolor</li><li>Measurements (inches): 20x20""</li><li>Material(s): Cotton</li><li>Care: Dry Clean Only</li><li>Weight (GRAMS): NA</li></ul>","20x20""",Cotton,4,0,1,0,0,1,1,1,0,1,1,1,0,1,1,,,,,,,,0,Indiancultr,,,Miyanbazaz,EX_FC_VL_DEL_KAP,,1,1,,EX000000
"store_us,store_in,store_stage_en,global_m_sv,india_m_sv","app_us,app_in,store_stage,global_m_web,india_m_web",Home,simple,"15,38,70,40,71",mb-cs-057,0,Multicolored Printed Cotton Cushion Covers (Set of 2),multicolored-printed-cotton-cushion-Covers-(Setof2)-mb-cs-057,Multicolor,Cushion Covers,home/cushion Covers,mb-cs-057,10,10 days,Miyanbazaz Exim,,449,314,2,4,0,"20x20""",0,0,1,Non Returnable,"Add color to your home with this handmade cushion Covers showcasing a beautiful print.<ul><li>Color: Multicolor</li><li>Measurements (inches): 20x20""</li><li>Material(s): Cotton</li><li>Care: Dry Clean Only</li><li>Weight (GRAMS): NA</li></ul>","20x20""",Cotton,7,0,1,0,0,1,1,1,0,1,1,1,0,1,1,,,,,,,,0,Indiancultr,,,Miyanbazaz,EX_FC_VL_DEL_KAP,,1,1,,EX000000
"store_us,store_in,store_stage_en,global_m_sv,india_m_sv","app_us,app_in,store_stage,global_m_web,india_m_web",Home,simple,"15,38,70,40,71",mb-cs-058,0,"Pink, Orange Floral Print Cotton Cushion Covers (Set of 2)","pink,-orange-floral-print-cotton-cushion-Covers-(Setof2)-mb-cs-058","Pink, Orange, Green, White",Cushion Covers,home/cushion Covers,mb-cs-058,10,10 days,Miyanbazaz Exim,,369,258,2,4,0,"20x20""",0,0,1,Non Returnable,"Add color to your home with this handmade cushion Covers showcasing a beautiful print.<ul><li>Color: Pink, Orange, Green, White</li><li>Measurements (inches): 20x20""</li><li>Material(s): Cotton</li><li>Care: Dry Clean Only</li><li>Weight (GRAMS): NA</li></ul>","20x20""",Cotton,4,0,1,0,0,1,1,1,0,1,1,1,0,1,1,,,,,,,,0,Indiancultr,,,Miyanbazaz,EX_FC_VL_DEL_KAP,,1,1,,EX000000
"store_us,store_in,store_stage_en,global_m_sv,india_m_sv","app_us,app_in,store_stage,global_m_web,india_m_web",Home,simple,"15,38,70,40,71",mb-cs-059,0,Olive Floral Print Cotton Cushion Covers (Set of 2),olive-floral-print-cotton-cushion-Covers-(Setof2)-mb-cs-059,Olive,Cushion Covers,home/cushion Covers,mb-cs-059,10,10 days,Miyanbazaz Exim,,449,314,2,4,0,"20x20""",0,0,1,Non Returnable,"Add color to your home with this handmade cushion Covers showcasing a beautiful print.<ul><li>Color: Olive</li><li>Measurements (inches): 20x20""</li><li>Material(s): Cotton</li><li>Care: Dry Clean Only</li><li>Weight (GRAMS): NA</li></ul>","20x20""",Cotton,3,0,1,0,0,1,1,1,0,1,1,1,0,1,1,,,,,,,,0,Indiancultr,,,Miyanbazaz,EX_FC_VL_DEL_KAP,,1,1,,EX000000
"store_us,store_in,store_stage_en,global_m_sv,india_m_sv","app_us,app_in,store_stage,global_m_web,india_m_web",Home,simple,"15,38,70,40,71",mb-cs-061,0,"Blue, White Tribal Print Cotton Cushion Covers (Set of 2)","blue,-white-tribal-print-cotton-cushion-Covers-(Setof2)-mb-cs-061","Blue, White",Cushion Covers,home/cushion Covers,mb-cs-061,10,10 days,Miyanbazaz Exim,,369,258,2,4,0,"16x16""",0,0,1,Non Returnable,"Add color to your home with this handmade cushion Covers showcasing a beautiful print.<ul><li>Color: Blue, White</li><li>Measurements (inches): 16x16""</li><li>Material(s): Cotton</li><li>Care: Dry Clean Only</li><li>Weight (GRAMS): NA</li></ul>","16x16""",Cotton,10,0,1,0,0,1,1,1,0,1,1,1,0,1,1,,,,,,,,0,Indiancultr,,,Miyanbazaz,EX_FC_VL_DEL_KAP,,1,1,,EX000000
"store_us,store_in,store_stage_en,global_m_sv,india_m_sv","app_us,app_in,store_stage,global_m_web,india_m_web",Home,simple,"15,38,70,40,71",mb-cs-063,0,"Olive, Blue Sparrow Print Cotton Cushion Covers (Set of 2)","olive,-blue-sparrow-print-cotton-cushion-Covers-(Setof2)-mb-cs-063","Olive, Blue",Cushion Covers,home/cushion Covers,mb-cs-063,10,10 days,Miyanbazaz Exim,,369,258,2,4,0,"20x14""",0,0,1,Non Returnable,"Add color to your home with this handmade cushion Covers showcasing a beautiful print.<ul><li>Color: Olive, Blue</li><li>Measurements (inches): 20x14""</li><li>Material(s): Cotton</li><li>Care: Dry Clean Only</li><li>Weight (GRAMS): NA</li></ul>","20x14""",Cotton,3,0,1,0,0,1,1,1,0,1,1,1,0,1,1,,,,,,,,0,Indiancultr,,,Miyanbazaz,EX_FC_VL_DEL_KAP,,1,1,,EX000000
"store_us,store_in,store_stage_en,global_m_sv,india_m_sv","app_us,app_in,store_stage,global_m_web,india_m_web",Home,simple,"15,38,70,40,71",mb-cs-064,0,"Pink, white Floral Print Cotton Cushion Covers (Set of 2)","pink,-white-floral-print-cotton-cushion-Covers-(Setof2)-mb-cs-064","Pink, Green, White",Cushion Covers,home/cushion Covers,mb-cs-064,10,10 days,Miyanbazaz Exim,,369,258,2,4,0,"20x20""",0,0,1,Non Returnable,"Add color to your home with this handmade cushion Covers showcasing a beautiful print.<ul><li>Color: Pink, Green, White</li><li>Measurements (inches): 20x20""</li><li>Material(s): Cotton</li><li>Care: Dry Clean Only</li><li>Weight (GRAMS): NA</li></ul>","20x20""",Cotton,4,0,1,0,0,1,1,1,0,1,1,1,0,1,1,,,,,,,,0,Indiancultr,,,Miyanbazaz,EX_FC_VL_DEL_KAP,,1,1,,EX000000
"store_us,store_in,store_stage_en,global_m_sv,india_m_sv","app_us,app_in,store_stage,global_m_web,india_m_web",Home,simple,"15,38,70,40,71",mb-cs-065,0,Multicolored Petal Print Cotton Cushion Covers (Set of 2),multicolored-petal-print-cotton-cushion-Covers-(Setof2)-mb-cs-065,Multicolor,Cushion Covers,home/cushion Covers,mb-cs-065,10,10 days,Miyanbazaz Exim,,369,258,2,4,0,"16x16""",0,0,1,Non Returnable,"Add color to your home with this handmade cushion Covers showcasing a beautiful print.<ul><li>Color: Multicolor</li><li>Measurements (inches): 16x16""</li><li>Material(s): Cotton</li><li>Care: Dry Clean Only</li><li>Weight (GRAMS): NA</li></ul>","16x16""",Cotton,4,0,1,0,0,1,1,1,0,1,1,1,0,1,1,,,,,,,,0,Indiancultr,,,Miyanbazaz,EX_FC_VL_DEL_KAP,,1,1,,EX000000
"store_us,store_in,store_stage_en,global_m_sv,india_m_sv","app_us,app_in,store_stage,global_m_web,india_m_web",Home,simple,"15,38,70,40,71",mb-cs-066,0,Ochre Handmade Cotton Cushion Covers (Set of 2),ochre-handmade-cotton-cushion-Covers-(Setof2)-mb-cs-066,Ochre,Cushion Covers,home/cushion Covers,mb-cs-066,10,10 days,Miyanbazaz Exim,,369,258,2,4,0,"20x20""",0,0,1,Non Returnable,"Add color to your home with this handmade cushion Covers.<ul><li>Color: Ochre</li><li>Measurements (inches): 20x20""</li><li>Material(s): Cotton</li><li>Care: Dry Clean Only</li><li>Weight (GRAMS): NA</li></ul>","20x20""",Cotton,7,0,1,0,0,1,1,1,0,1,1,1,0,1,1,,,,,,,,0,Indiancultr,,,Miyanbazaz,EX_FC_VL_DEL_KAP,,1,1,,EX000000
"store_us,store_in,store_stage_en,global_m_sv,india_m_sv","app_us,app_in,store_stage,global_m_web,india_m_web",Home,simple,"15,38,70,40,71",mb-cs-069,0,Yellow Tribal Print Cotton Cushion Covers (Set of 2),yellow-tribal-print-cotton-cushion-Covers-(Setof2)-mb-cs-069,Yellow,Cushion Covers,home/cushion Covers,mb-cs-069,10,10 days,Miyanbazaz Exim,,449,314,2,4,0,"18x18""",0,0,1,Non Returnable,"Add color to your home with this handmade cushion Covers showcasing a beautiful print.<ul><li>Color: Yellow</li><li>Measurements (inches): 18x18""</li><li>Material(s): Cotton</li><li>Care: Dry Clean Only</li><li>Weight (GRAMS): NA</li></ul>","18x18""",Cotton,4,0,1,0,0,1,1,1,0,1,1,1,0,1,1,,,,,,,,0,Indiancultr,,,Miyanbazaz,EX_FC_VL_DEL_KAP,,1,1,,EX000000
"store_us,store_in,store_stage_en,global_m_sv,india_m_sv","app_us,app_in,store_stage,global_m_web,india_m_web",Home,simple,"15,38,70,40,71",mb-cs-072,0,Blue Handmade Cotton Cushion Covers (Set of 2),blue-handmade-cotton-cushion-Covers-(Setof2)-mb-cs-072,Blue,Cushion Covers,home/cushion Covers,mb-cs-072,10,10 days,Miyanbazaz Exim,,369,258,2,4,0,"20x20""",0,0,1,Non Returnable,"Add color to your home with this handmade cushion Covers.<ul><li>Color: Blue</li><li>Measurements (inches): 20x20""</li><li>Material(s): Cotton</li><li>Care: Dry Clean Only</li><li>Weight (GRAMS): NA</li></ul>","20x20""",Cotton,5,0,1,0,0,1,1,1,0,1,1,1,0,1,1,,,,,,,,0,Indiancultr,,,Miyanbazaz,EX_FC_VL_DEL_KAP,,1,1,,EX000000
"store_us,store_in,store_stage_en,global_m_sv,india_m_sv","app_us,app_in,store_stage,global_m_web,india_m_web",Home,simple,"15,38,70,40,71",mb-cs-074,0,"White, Green Floral Print Cotton Cushion Covers (Set of 2)","white,-green-floral-print-cotton-cushion-Covers-(Setof2)-mb-cs-074","Green, Black, White",Cushion Covers,home/cushion Covers,mb-cs-074,10,10 days,Miyanbazaz Exim,,369,258,2,4,0,"18x18""",0,0,1,Non Returnable,"Add color to your home with this handmade cushion Covers showcasing a beautiful print.<ul><li>Color: Green, Black, White</li><li>Measurements (inches): 18x18""</li><li>Material(s): Cotton</li><li>Care: Dry Clean Only</li><li>Weight (GRAMS): NA</li></ul>","18x18""",Cotton,7,0,1,0,0,1,1,1,0,1,1,1,0,1,1,,,,,,,,0,Indiancultr,,,Miyanbazaz,EX_FC_VL_DEL_KAP,,1,1,,EX000000
"store_us,store_in,store_stage_en,global_m_sv,india_m_sv","app_us,app_in,store_stage,global_m_web,india_m_web",Home,simple,"15,38,70,40,71",mb-cs-075,0,"Blue, Green Printed Cotton Cushion Covers (Set of 2)","blue,-green-printed-cotton-cushion-Covers-(Setof2)-mb-cs-075","Blue, Green",Cushion Covers,home/cushion Covers,mb-cs-075,10,10 days,Miyanbazaz Exim,,369,258,2,4,0,"20x20""",0,0,1,Non Returnable,"Add color to your home with this handmade cushion Covers showcasing a beautiful print.<ul><li>Color: Blue, Green</li><li>Measurements (inches): 20x20""</li><li>Material(s): Cotton</li><li>Care: Dry Clean Only</li><li>Weight (GRAMS): NA</li></ul>","20x20""",Cotton,8,0,1,0,0,1,1,1,0,1,1,1,0,1,1,,,,,,,,0,Indiancultr,,,Miyanbazaz,EX_FC_VL_DEL_KAP,,1,1,,EX000000
"store_us,store_in,store_stage_en,global_m_sv,india_m_sv","app_us,app_in,store_stage,global_m_web,india_m_web",Home,simple,"15,38,70,40,71",mb-cs-076,0,"Red, White Printed Cotton Cushion Covers (Set of 2)","red,-white-printed-cotton-cushion-Covers-(Setof2)-mb-cs-076","Red, White",Cushion Covers,home/cushion Covers,mb-cs-076,10,10 days,Miyanbazaz Exim,,369,258,2,4,0,"20x20""",0,0,1,Non Returnable,"Add color to your home with this handmade cushion Covers showcasing a beautiful print.<ul><li>Color: Red, White</li><li>Measurements (inches): 20x20""</li><li>Material(s): Cotton</li><li>Care: Dry Clean Only</li><li>Weight (GRAMS): NA</li></ul>","20x20""",Cotton,5,0,1,0,0,1,1,1,0,1,1,1,0,1,1,,,,,,,,0,Indiancultr,,,Miyanbazaz,EX_FC_VL_DEL_KAP,,1,1,,EX000000
"store_us,store_in,store_stage_en,global_m_sv,india_m_sv","app_us,app_in,store_stage,global_m_web,india_m_web",Home,simple,"15,38,70,40,71",mb-cs-077,0,Turquoise Floral Print Cotton Cushion Covers (Set of 2),turquoise-floral-print-cotton-cushion-Covers-(Setof2)-mb-cs-077,"Turquoise, Green",Cushion Covers,home/cushion Covers,mb-cs-077,10,10 days,Miyanbazaz Exim,,449,314,2,4,0,"20x20""",0,0,1,Non Returnable,"Add color to your home with this handmade cushion Covers showcasing a beautiful print.<ul><li>Color: Turquoise, Green</li><li>Measurements (inches): 20x20""</li><li>Material(s): Cotton</li><li>Care: Dry Clean Only</li><li>Weight (GRAMS): NA</li></ul>","20x20""",Cotton,4,0,1,0,0,1,1,1,0,1,1,1,0,1,1,,,,,,,,0,Indiancultr,,,Miyanbazaz,EX_FC_VL_DEL_KAP,,1,1,,EX000000
"store_us,store_in,store_stage_en,global_m_sv,india_m_sv","app_us,app_in,store_stage,global_m_web,india_m_web",Home,simple,"15,38,70,40,71",mb-cs-078,0,Multicolored Printed Cotton Cushion Covers (Set of 2),multicolored-printed-cotton-cushion-Covers-(Setof2)-mb-cs-078,Multicolor,Cushion Covers,home/cushion Covers,mb-cs-078,10,10 days,Miyanbazaz Exim,,369,258,2,4,0,"16x16""",0,0,1,Non Returnable,"Add color to your home with this handmade cushion Covers showcasing a beautiful print.<ul><li>Color: Multicolor</li><li>Measurements (inches): 16x16""</li><li>Material(s): Cotton</li><li>Care: Dry Clean Only</li><li>Weight (GRAMS): NA</li></ul>","16x16""",Cotton,5,0,1,0,0,1,1,1,0,1,1,1,0,1,1,,,,,,,,0,Indiancultr,,,Miyanbazaz,EX_FC_VL_DEL_KAP,,1,1,,EX000000
"store_us,store_in,store_stage_en,global_m_sv,india_m_sv","app_us,app_in,store_stage,global_m_web,india_m_web",Home,simple,"15,38,70,40,71",mb-cs-079,0,"White, Black Floral Print Cotton Cushion Covers (Set of 2)","white,-black-floral-print-cotton-cushion-Covers-(Setof2)-mb-cs-079","White, Black",Cushion Covers,home/cushion Covers,mb-cs-079,10,10 days,Miyanbazaz Exim,,369,258,2,4,0,"20x20""",0,0,1,Non Returnable,"Add color to your home with this handmade cushion Covers showcasing a beautiful print.<ul><li>Color: White, Black</li><li>Measurements (inches): 20x20""</li><li>Material(s): Cotton</li><li>Care: Dry Clean Only</li><li>Weight (GRAMS): NA</li></ul>","20x20""",Cotton,22,0,1,0,0,1,1,1,0,1,1,1,0,1,1,,,,,,,,0,Indiancultr,,,Miyanbazaz,EX_FC_VL_DEL_KAP,,1,1,,EX000000
"store_us,store_in,store_stage_en,global_m_sv,india_m_sv","app_us,app_in,store_stage,global_m_web,india_m_web",Home,simple,"15,38,70,40,71",mb-cs-082,0,Multicolored Floral Print Cotton Cushion Covers (Set of 2),multicolored-floral-print-cotton-cushion-Covers-(Setof2)-mb-cs-082,Multicolor,Cushion Covers,home/cushion Covers,mb-cs-082,10,10 days,Miyanbazaz Exim,,369,258,2,4,0,"19x19""",0,0,1,Non Returnable,"Add color to your home with this handmade cushion Covers showcasing a beautiful print.<ul><li>Color: Multicolor</li><li>Measurements (inches): 19x19""</li><li>Material(s): Cotton</li><li>Care: Dry Clean Only</li><li>Weight (GRAMS): NA</li></ul>","19x19""",Cotton,4,0,1,0,0,1,1,1,0,1,1,1,0,1,1,,,,,,,,0,Indiancultr,,,Miyanbazaz,EX_FC_VL_DEL_KAP,,1,1,,EX000000
"store_us,store_in,store_stage_en,global_m_sv,india_m_sv","app_us,app_in,store_stage,global_m_web,india_m_web",Home,simple,"15,38,70,40,71",mb-cs-086,0,Multicolored Floral Print Cotton Cushion Covers (Set of 2),multicolored-floral-print-cotton-cushion-Covers-(Setof2)-mb-cs-086,Multicolor,Cushion Covers,home/cushion Covers,mb-cs-086,10,10 days,Miyanbazaz Exim,,449,314,2,4,0,"20x16""",0,0,1,Non Returnable,"Add color to your home with this handmade cushion Covers showcasing a beautiful print.<ul><li>Color: Multicolor</li><li>Measurements (inches): 20x16""</li><li>Material(s): Cotton</li><li>Care: Dry Clean Only</li><li>Weight (GRAMS): NA</li></ul>","20x16""",Cotton,6,0,1,0,0,1,1,1,0,1,1,1,0,1,1,,,,,,,,0,Indiancultr,,,Miyanbazaz,EX_FC_VL_DEL_KAP,,1,1,,EX000000
"store_us,store_in,store_stage_en,global_m_sv,india_m_sv","app_us,app_in,store_stage,global_m_web,india_m_web",Home,simple,"15,38,70,40,71",MB-CS-102,0,Brown Floral Print Sheeting Cushion Covers (Set of 2),brown-floral-print-sheeting-cushion-Covers-(Setof2)-mb-cs-102,"Brown, Pink, Green",Cushion Covers,home/cushion Covers,MB-CS-102,10,10 days,Miyanbazaz Exim,,369,258,2,4,0,"22X22""",0,0,1,Non Returnable,"Add color to your home with this handmade cushion Covers showcasing a beautiful print.<ul><li>Color: Brown, Pink, Green</li><li>Measurements (inches): 22X22""</li><li>Material(s): Sheeting</li><li>Care: Dry Clean Only</li><li>Weight (GRAMS): NA</li></ul>","22X22""",Sheeting,4,0,1,0,0,1,1,1,0,1,1,1,0,1,1,,,,,,,,0,Indiancultr,,,Miyanbazaz,EX_FC_VL_DEL_KAP,,1,1,,EX000000
,,,,,,,,,,,,,,,,,,,,,,,,,,,,,,,,,,,,,,,,,,,,,,,,,,,,,,,,,,,,,,
,,,,,,,,,,,,,,,,,,,,,,,,,,,,,,,,,,,,,,,,,,,,,,,,,,,,,,,,,,,,,,
,,,,,,,,,,,,,,,,,,,,,,,,,,,,,,,,,,,,,,,,,,,,,,,,,,,,,,,,,,,,,,
,,,,,,,,,,,,,,,,,,,,,,,,,,,,,,,,,,,,,,,,,,,,,,,,,,,,,,,,,,,,,,
,,,,,,,,,,,,,,,,,,,,,,,,,,,,,,,,,,,,,,,,,,,,,,,,,,,,,,,,,,,,,,
,,,,,,,,,,,,,,,,,,,,,,,,,,,,,,,,,,,,,,,,,,,,,,,,,,,,,,,,,,,,,,
,,,,,,,,,,,,,,,,,,,,,,,,,,,,,,,,,,,,,,,,,,,,,,,,,,,,,,,,,,,,,,
,,,,,,,,,,,,,,,,,,,,,,,,,,,,,,,,,,,,,,,,,,,,,,,,,,,,,,,,,,,,,,
,,,,,,,,,,,,,,,,,,,,,,,,,,,,,,,,,,,,,,,,,,,,,,,,,,,,,,,,,,,,,,
,,,,,,,,,,,,,,,,,,,,,,,,,,,,,,,,,,,,,,,,,,,,,,,,,,,,,,,,,,,,,,
,,,,,,,,,,,,,,,,,,,,,,,,,,,,,,,,,,,,,,,,,,,,,,,,,,,,,,,,,,,,,,
,,,,,,,,,,,,,,,,,,,,,,,,,,,,,,,,,,,,,,,,,,,,,,,,,,,,,,,,,,,,,,
,,,,,,,,,,,,,,,,,,,,,,,,,,,,,,,,,,,,,,,,,,,,,,,,,,,,,,,,,,,,,,
,,,,,,,,,,,,,,,,,,,,,,,,,,,,,,,,,,,,,,,,,,,,,,,,,,,,,,,,,,,,,,
,,,,,,,,,,,,,,,,,,,,,,,,,,,,,,,,,,,,,,,,,,,,,,,,,,,,,,,,,,,,,,
,,,,,,,,,,,,,,,,,,,,,,,,,,,,,,,,,,,,,,,,,,,,,,,,,,,,,,,,,,,,,,
,,,,,,,,,,,,,,,,,,,,,,,,,,,,,,,,,,,,,,,,,,,,,,,,,,,,,,,,,,,,,,
,,,,,,,,,,,,,,,,,,,,,,,,,,,,,,,,,,,,,,,,,,,,,,,,,,,,,,,,,,,,,,
,,,,,,,,,,,,,,,,,,,,,,,,,,,,,,,,,,,,,,,,,,,,,,,,,,,,,,,,,,,,,,
,,,,,,,,,,,,,,,,,,,,,,,,,,,,,,,,,,,,,,,,,,,,,,,,,,,,,,,,,,,,,,
,,,,,,,,,,,,,,,,,,,,,,,,,,,,,,,,,,,,,,,,,,,,,,,,,,,,,,,,,,,,,,
,,,,,,,,,,,,,,,,,,,,,,,,,,,,,,,,,,,,,,,,,,,,,,,,,,,,,,,,,,,,,,
,,,,,,,,,,,,,,,,,,,,,,,,,,,,,,,,,,,,,,,,,,,,,,,,,,,,,,,,,,,,,,
,,,,,,,,,,,,,,,,,,,,,,,,,,,,,,,,,,,,,,,,,,,,,,,,,,,,,,,,,,,,,,
,,,,,,,,,,,,,,,,,,,,,,,,,,,,,,,,,,,,,,,,,,,,,,,,,,,,,,,,,,,,,,
,,,,,,,,,,,,,,,,,,,,,,,,,,,,,,,,,,,,,,,,,,,,,,,,,,,,,,,,,,,,,,
,,,,,,,,,,,,,,,,,,,,,,,,,,,,,,,,,,,,,,,,,,,,,,,,,,,,,,,,,,,,,,
