store,websites,sku,cost,price
"store_us,global_m_sv","app_us,global_m_web",RSRW035XS,7930,259
"store_us,global_m_sv","app_us,global_m_web",RSRW035S,7930,259
"store_us,global_m_sv","app_us,global_m_web",RSRW035M,7930,259
"store_us,global_m_sv","app_us,global_m_web",RSRW035L,7930,259
"store_us,global_m_sv","app_us,global_m_web",RSRW035XL,7930,259
"store_us,global_m_sv","app_us,global_m_web",RSRW035,7930,259
"store_us,global_m_sv","app_us,global_m_web",RSRW016XS,12155,399
"store_us,global_m_sv","app_us,global_m_web",RSRW016S,12155,399
"store_us,global_m_sv","app_us,global_m_web",RSRW016M,12155,399
"store_us,global_m_sv","app_us,global_m_web",RSRW016L,12155,399
"store_us,global_m_sv","app_us,global_m_web",RSRW016XL,12155,399
"store_us,global_m_sv","app_us,global_m_web",RSRW016,12155,399
"store_us,global_m_sv","app_us,global_m_web",RSRRW015XS,12155,399
"store_us,global_m_sv","app_us,global_m_web",RSRRW015S,12155,399
"store_us,global_m_sv","app_us,global_m_web",RSRRW015M,12155,399
"store_us,global_m_sv","app_us,global_m_web",RSRRW015L,12155,399
"store_us,global_m_sv","app_us,global_m_web",RSRRW015XL,12155,399
"store_us,global_m_sv","app_us,global_m_web",RSRRW015,12155,399
"store_us,global_m_sv","app_us,global_m_web",RSRW015XS,12155,399
"store_us,global_m_sv","app_us,global_m_web",RSRW015S,12155,399
"store_us,global_m_sv","app_us,global_m_web",RSRW015M,12155,399
"store_us,global_m_sv","app_us,global_m_web",RSRW015L,12155,399
"store_us,global_m_sv","app_us,global_m_web",RSRW015XL,12155,399
"store_us,global_m_sv","app_us,global_m_web",RSRW015,12155,399
"store_us,global_m_sv","app_us,global_m_web",RSRW045XS,12350,405
"store_us,global_m_sv","app_us,global_m_web",RSRW045S,12350,405
"store_us,global_m_sv","app_us,global_m_web",RSRW045M,12350,405
"store_us,global_m_sv","app_us,global_m_web",RSRW045L,12350,405
"store_us,global_m_sv","app_us,global_m_web",RSRW045XL,12350,405
"store_us,global_m_sv","app_us,global_m_web",RSRW045,12350,405
"store_us,global_m_sv","app_us,global_m_web",RSRW042XS,11123,359
"store_us,global_m_sv","app_us,global_m_web",RSRW042S,11123,359
"store_us,global_m_sv","app_us,global_m_web",RSRW042M,11123,359
"store_us,global_m_sv","app_us,global_m_web",RSRW042L,11123,359
"store_us,global_m_sv","app_us,global_m_web",RSRW042XL,11123,359
"store_us,global_m_sv","app_us,global_m_web",RSRW042,11123,359
"store_us,global_m_sv","app_us,global_m_web",RSRW033XS,10183,329
"store_us,global_m_sv","app_us,global_m_web",RSRW033S,10183,329
"store_us,global_m_sv","app_us,global_m_web",RSRW033M,10183,329
"store_us,global_m_sv","app_us,global_m_web",RSRW033L,10183,329
"store_us,global_m_sv","app_us,global_m_web",RSRW033XL,10183,329
"store_us,global_m_sv","app_us,global_m_web",RSRW033,10183,329
"store_us,global_m_sv","app_us,global_m_web",RSRW032XS,19110,629
"store_us,global_m_sv","app_us,global_m_web",RSRW032S,19110,629
"store_us,global_m_sv","app_us,global_m_web",RSRW032M,19110,629
"store_us,global_m_sv","app_us,global_m_web",RSRW032L,19110,629
"store_us,global_m_sv","app_us,global_m_web",RSRW032XL,19110,629
"store_us,global_m_sv","app_us,global_m_web",RSRW032,19110,629
"store_us,global_m_sv","app_us,global_m_web",RSRW030XS,17875,589
"store_us,global_m_sv","app_us,global_m_web",RSRW030S,17875,589
"store_us,global_m_sv","app_us,global_m_web",RSRW030M,17875,589
"store_us,global_m_sv","app_us,global_m_web",RSRW030L,17875,589
"store_us,global_m_sv","app_us,global_m_web",RSRW030XL,17875,589
"store_us,global_m_sv","app_us,global_m_web",RSRW030,17875,589
"store_us,global_m_sv","app_us,global_m_web",RSRW027XS,26000,849
"store_us,global_m_sv","app_us,global_m_web",RSRW027S,26000,849
"store_us,global_m_sv","app_us,global_m_web",RSRW027M,26000,849
"store_us,global_m_sv","app_us,global_m_web",RSRW027L,26000,849
"store_us,global_m_sv","app_us,global_m_web",RSRW027XL,26000,849
"store_us,global_m_sv","app_us,global_m_web",RSRW027,26000,849
"store_us,global_m_sv","app_us,global_m_web",RSRW024XS,16982,554
"store_us,global_m_sv","app_us,global_m_web",RSRW024S,16982,554
"store_us,global_m_sv","app_us,global_m_web",RSRW024M,16982,554
"store_us,global_m_sv","app_us,global_m_web",RSRW024L,16982,554
"store_us,global_m_sv","app_us,global_m_web",RSRW024XL,16982,554
"store_us,global_m_sv","app_us,global_m_web",RSRW024,16982,554
"store_us,global_m_sv","app_us,global_m_web",RSRW026XS,11050,359
"store_us,global_m_sv","app_us,global_m_web",RSRW026S,11050,359
"store_us,global_m_sv","app_us,global_m_web",RSRW026M,11050,359
"store_us,global_m_sv","app_us,global_m_web",RSRW026L,11050,359
"store_us,global_m_sv","app_us,global_m_web",RSRW026XL,11050,359
"store_us,global_m_sv","app_us,global_m_web",RSRW026,11050,359
"store_us,global_m_sv","app_us,global_m_web",RLW024XS,27300,875
"store_us,global_m_sv","app_us,global_m_web",RLW024S,27300,875
"store_us,global_m_sv","app_us,global_m_web",RLW024M,27300,875
"store_us,global_m_sv","app_us,global_m_web",RLW024L,27300,875
"store_us,global_m_sv","app_us,global_m_web",RLW024XL,27300,875
"store_us,global_m_sv","app_us,global_m_web",RLW024,27300,875
"store_us,global_m_sv","app_us,global_m_web",RLW009XS,26455,859
"store_us,global_m_sv","app_us,global_m_web",RLW009S,26455,859
"store_us,global_m_sv","app_us,global_m_web",RLW009M,26455,859
"store_us,global_m_sv","app_us,global_m_web",RLW009L,26455,859
"store_us,global_m_sv","app_us,global_m_web",RLW009XL,26455,859
"store_us,global_m_sv","app_us,global_m_web",RLW009,26455,859
"store_us,global_m_sv","app_us,global_m_web",RLW021XS,53235,1750
"store_us,global_m_sv","app_us,global_m_web",RLW021S,53235,1750
"store_us,global_m_sv","app_us,global_m_web",RLW021M,53235,1750
"store_us,global_m_sv","app_us,global_m_web",RLW021L,53235,1750
"store_us,global_m_sv","app_us,global_m_web",RLW021XL,53235,1750
"store_us,global_m_sv","app_us,global_m_web",RLW021,53235,1750
"store_us,global_m_sv","app_us,global_m_web",RLW031XS,45240,1499
"store_us,global_m_sv","app_us,global_m_web",RLW031S,45240,1499
"store_us,global_m_sv","app_us,global_m_web",RLW031M,45240,1499
"store_us,global_m_sv","app_us,global_m_web",RLW031L,45240,1499
"store_us,global_m_sv","app_us,global_m_web",RLW031XL,45240,1499
"store_us,global_m_sv","app_us,global_m_web",RLW031,45240,1499
"store_us,global_m_sv","app_us,global_m_web",RLW023XS,52975,1750
"store_us,global_m_sv","app_us,global_m_web",RLW023S,52975,1750
"store_us,global_m_sv","app_us,global_m_web",RLW023M,52975,1750
"store_us,global_m_sv","app_us,global_m_web",RLW023L,52975,1750
"store_us,global_m_sv","app_us,global_m_web",RLW023XL,52975,1750
"store_us,global_m_sv","app_us,global_m_web",RLW023,52975,1750
"store_us,global_m_sv","app_us,global_m_web",RLW032XS,18070,589
"store_us,global_m_sv","app_us,global_m_web",RLW032S,18070,589
"store_us,global_m_sv","app_us,global_m_web",RLW032M,18070,589
"store_us,global_m_sv","app_us,global_m_web",RLW032L,18070,589
"store_us,global_m_sv","app_us,global_m_web",RLW032XL,18070,589
"store_us,global_m_sv","app_us,global_m_web",RLW032,18070,589
"store_us,global_m_sv","app_us,global_m_web",RLW034XS,24830,819
"store_us,global_m_sv","app_us,global_m_web",RLW034S,24830,819
"store_us,global_m_sv","app_us,global_m_web",RLW034M,24830,819
"store_us,global_m_sv","app_us,global_m_web",RLW034L,24830,819
"store_us,global_m_sv","app_us,global_m_web",RLW034XL,24830,819
"store_us,global_m_sv","app_us,global_m_web",RLW034,24830,819
"store_us,global_m_sv","app_us,global_m_web",RLW022XS,53040,1729
"store_us,global_m_sv","app_us,global_m_web",RLW022S,53040,1729
"store_us,global_m_sv","app_us,global_m_web",RLW022M,53040,1729
"store_us,global_m_sv","app_us,global_m_web",RLW022L,53040,1729
"store_us,global_m_sv","app_us,global_m_web",RLW022XL,53040,1729
"store_us,global_m_sv","app_us,global_m_web",RLW022,53040,1729
"store_us,global_m_sv","app_us,global_m_web",RLW027XS,34515,1159
"store_us,global_m_sv","app_us,global_m_web",RLW027S,34515,1159
"store_us,global_m_sv","app_us,global_m_web",RLW027M,34515,1159
"store_us,global_m_sv","app_us,global_m_web",RLW027L,34515,1159
"store_us,global_m_sv","app_us,global_m_web",RLW027XL,34515,1159
"store_us,global_m_sv","app_us,global_m_web",RLW027,34515,1159
"store_us,global_m_sv","app_us,global_m_web",RLW029XS,17420,569
"store_us,global_m_sv","app_us,global_m_web",RLW029S,17420,569
"store_us,global_m_sv","app_us,global_m_web",RLW029M,17420,569
"store_us,global_m_sv","app_us,global_m_web",RLW029L,17420,569
"store_us,global_m_sv","app_us,global_m_web",RLW029XL,17420,569
"store_us,global_m_sv","app_us,global_m_web",RLW029,17420,569
"store_us,global_m_sv","app_us,global_m_web",RLW030XS,25311,829
"store_us,global_m_sv","app_us,global_m_web",RLW030S,25311,829
"store_us,global_m_sv","app_us,global_m_web",RLW030M,25311,829
"store_us,global_m_sv","app_us,global_m_web",RLW030L,25311,829
"store_us,global_m_sv","app_us,global_m_web",RLW030XL,25311,829
"store_us,global_m_sv","app_us,global_m_web",RLW030,25311,829
"store_us,global_m_sv","app_us,global_m_web",RAW042XS,9428,309
"store_us,global_m_sv","app_us,global_m_web",RAW042S,9428,309
"store_us,global_m_sv","app_us,global_m_web",RAW042M,9428,309
"store_us,global_m_sv","app_us,global_m_web",RAW042L,9428,309
"store_us,global_m_sv","app_us,global_m_web",RAW042XL,9428,309
"store_us,global_m_sv","app_us,global_m_web",RAW042,9428,309
"store_us,global_m_sv","app_us,global_m_web",RAW067XS,9880,319
"store_us,global_m_sv","app_us,global_m_web",RAW067S,9880,319
"store_us,global_m_sv","app_us,global_m_web",RAW067M,9880,319
"store_us,global_m_sv","app_us,global_m_web",RAW067L,9880,319
"store_us,global_m_sv","app_us,global_m_web",RAW067XL,9880,319
"store_us,global_m_sv","app_us,global_m_web",RAW067,9880,319
"store_us,global_m_sv","app_us,global_m_web",RAW066XS,15145,499
"store_us,global_m_sv","app_us,global_m_web",RAW066S,15145,499
"store_us,global_m_sv","app_us,global_m_web",RAW066M,15145,499
"store_us,global_m_sv","app_us,global_m_web",RAW066L,15145,499
"store_us,global_m_sv","app_us,global_m_web",RAW066XL,15145,499
"store_us,global_m_sv","app_us,global_m_web",RAW066,15145,499
"store_us,global_m_sv","app_us,global_m_web",RJW019XS,16900,549
"store_us,global_m_sv","app_us,global_m_web",RJW019S,16900,549
"store_us,global_m_sv","app_us,global_m_web",RJW019M,16900,549
"store_us,global_m_sv","app_us,global_m_web",RJW019L,16900,549
"store_us,global_m_sv","app_us,global_m_web",RJW019XL,16900,549
"store_us,global_m_sv","app_us,global_m_web",RJW019,16900,549
"store_us,global_m_sv","app_us,global_m_web",RLW012XS,12090,394
"store_us,global_m_sv","app_us,global_m_web",RLW012S,12090,394
"store_us,global_m_sv","app_us,global_m_web",RLW012M,12090,394
"store_us,global_m_sv","app_us,global_m_web",RLW012L,12090,394
"store_us,global_m_sv","app_us,global_m_web",RLW012XL,12090,394
"store_us,global_m_sv","app_us,global_m_web",RLW012,12090,394
"store_us,global_m_sv","app_us,global_m_web",RGW007XS,20670,679
"store_us,global_m_sv","app_us,global_m_web",RGW007S,20670,679
"store_us,global_m_sv","app_us,global_m_web",RGW007M,20670,679
"store_us,global_m_sv","app_us,global_m_web",RGW007L,20670,679
"store_us,global_m_sv","app_us,global_m_web",RGW007XL,20670,679
"store_us,global_m_sv","app_us,global_m_web",RGW007,20670,679
"store_us,global_m_sv","app_us,global_m_web",RKW040XS,6240,209
"store_us,global_m_sv","app_us,global_m_web",RKW040S,6240,209
"store_us,global_m_sv","app_us,global_m_web",RKW040M,6240,209
"store_us,global_m_sv","app_us,global_m_web",RKW040L,6240,209
"store_us,global_m_sv","app_us,global_m_web",RKW040XL,6240,209
"store_us,global_m_sv","app_us,global_m_web",RKW040,6240,209
"store_us,global_m_sv","app_us,global_m_web",RJW020XS,16965,554
"store_us,global_m_sv","app_us,global_m_web",RJW020S,16965,554
"store_us,global_m_sv","app_us,global_m_web",RJW020M,16965,554
"store_us,global_m_sv","app_us,global_m_web",RJW020L,16965,554
"store_us,global_m_sv","app_us,global_m_web",RJW020XL,16965,554
"store_us,global_m_sv","app_us,global_m_web",RJW020,16965,554
"store_us,global_m_sv","app_us,global_m_web",RJW018XS,13715,445
"store_us,global_m_sv","app_us,global_m_web",RJW018S,13715,445
"store_us,global_m_sv","app_us,global_m_web",RJW018M,13715,445
"store_us,global_m_sv","app_us,global_m_web",RJW018L,13715,445
"store_us,global_m_sv","app_us,global_m_web",RJW018XL,13715,445
"store_us,global_m_sv","app_us,global_m_web",RJW018,13715,445
"store_us,global_m_sv","app_us,global_m_web",RSTW140XS,7020,225
"store_us,global_m_sv","app_us,global_m_web",RSTW140S,7020,225
"store_us,global_m_sv","app_us,global_m_web",RSTW140M,7020,225
"store_us,global_m_sv","app_us,global_m_web",RSTW140L,7020,225
"store_us,global_m_sv","app_us,global_m_web",RSTW140XL,7020,225
"store_us,global_m_sv","app_us,global_m_web",RSTW140,7020,225
"store_us,global_m_sv","app_us,global_m_web",RSTW018XS,9620,309
"store_us,global_m_sv","app_us,global_m_web",RSTW018S,9620,309
"store_us,global_m_sv","app_us,global_m_web",RSTW018M,9620,309
"store_us,global_m_sv","app_us,global_m_web",RSTW018L,9620,309
"store_us,global_m_sv","app_us,global_m_web",RSTW018XL,9620,309
"store_us,global_m_sv","app_us,global_m_web",RSTW018,9620,309
"store_us,global_m_sv","app_us,global_m_web",RSTW016XS,13845,449
"store_us,global_m_sv","app_us,global_m_web",RSTW016S,13845,449
"store_us,global_m_sv","app_us,global_m_web",RSTW016M,13845,449
"store_us,global_m_sv","app_us,global_m_web",RSTW016L,13845,449
"store_us,global_m_sv","app_us,global_m_web",RSTW016XL,13845,449
"store_us,global_m_sv","app_us,global_m_web",RSTW016,13845,449
"store_us,global_m_sv","app_us,global_m_web",RAW162XS,6944,229
"store_us,global_m_sv","app_us,global_m_web",RAW162S,6944,229
"store_us,global_m_sv","app_us,global_m_web",RAW162M,6944,229
"store_us,global_m_sv","app_us,global_m_web",RAW162L,6944,229
"store_us,global_m_sv","app_us,global_m_web",RAW162XL,6944,229
"store_us,global_m_sv","app_us,global_m_web",RAW162,6944,229
"store_us,global_m_sv","app_us,global_m_web",RAW082XS,9750,319
"store_us,global_m_sv","app_us,global_m_web",RAW082S,9750,319
"store_us,global_m_sv","app_us,global_m_web",RAW082M,9750,319
"store_us,global_m_sv","app_us,global_m_web",RAW082L,9750,319
"store_us,global_m_sv","app_us,global_m_web",RAW082XL,9750,319
"store_us,global_m_sv","app_us,global_m_web",RAW082,9750,319
"store_us,global_m_sv","app_us,global_m_web",RAW056XS,16315,529
"store_us,global_m_sv","app_us,global_m_web",RAW056S,16315,529
"store_us,global_m_sv","app_us,global_m_web",RAW056M,16315,529
"store_us,global_m_sv","app_us,global_m_web",RAW056L,16315,529
"store_us,global_m_sv","app_us,global_m_web",RAW056XL,16315,529
"store_us,global_m_sv","app_us,global_m_web",RAW056,16315,529
"store_us,global_m_sv","app_us,global_m_web",RAW049XS,16756,545
"store_us,global_m_sv","app_us,global_m_web",RAW049S,16756,545
"store_us,global_m_sv","app_us,global_m_web",RAW049M,16756,545
"store_us,global_m_sv","app_us,global_m_web",RAW049L,16756,545
"store_us,global_m_sv","app_us,global_m_web",RAW049XL,16756,545
"store_us,global_m_sv","app_us,global_m_web",RAW049,16756,545
"store_us,global_m_sv","app_us,global_m_web",RAW044XS,10848,354
"store_us,global_m_sv","app_us,global_m_web",RAW044S,10848,354
"store_us,global_m_sv","app_us,global_m_web",RAW044M,10848,354
"store_us,global_m_sv","app_us,global_m_web",RAW044L,10848,354
"store_us,global_m_sv","app_us,global_m_web",RAW044XL,10848,354
"store_us,global_m_sv","app_us,global_m_web",RAW044,10848,354
"store_us,global_m_sv","app_us,global_m_web",RAW041XS,16900,549
"store_us,global_m_sv","app_us,global_m_web",RAW041S,16900,549
"store_us,global_m_sv","app_us,global_m_web",RAW041M,16900,549
"store_us,global_m_sv","app_us,global_m_web",RAW041L,16900,549
"store_us,global_m_sv","app_us,global_m_web",RAW041XL,16900,549
"store_us,global_m_sv","app_us,global_m_web",RAW041,16900,549
"store_us,global_m_sv","app_us,global_m_web",RAW032XS,10538,344
"store_us,global_m_sv","app_us,global_m_web",RAW032S,10538,344
"store_us,global_m_sv","app_us,global_m_web",RAW032M,10538,344
"store_us,global_m_sv","app_us,global_m_web",RAW032L,10538,344
"store_us,global_m_sv","app_us,global_m_web",RAW032XL,10538,344
"store_us,global_m_sv","app_us,global_m_web",RAW032,10538,344
"store_us,global_m_sv","app_us,global_m_web",RAW031XS,15705,510
"store_us,global_m_sv","app_us,global_m_web",RAW031S,15705,510
"store_us,global_m_sv","app_us,global_m_web",RAW031M,15705,510
"store_us,global_m_sv","app_us,global_m_web",RAW031L,15705,510
"store_us,global_m_sv","app_us,global_m_web",RAW031XL,15705,510
"store_us,global_m_sv","app_us,global_m_web",RAW031,15705,510
"store_us,global_m_sv","app_us,global_m_web",RAW006XS,9961,329
"store_us,global_m_sv","app_us,global_m_web",RAW006S,9961,329
"store_us,global_m_sv","app_us,global_m_web",RAW006M,9961,329
"store_us,global_m_sv","app_us,global_m_web",RAW006L,9961,329
"store_us,global_m_sv","app_us,global_m_web",RAW006XL,9961,329
"store_us,global_m_sv","app_us,global_m_web",RAW006,9961,329
"store_us,global_m_sv","app_us,global_m_web",RAW018AXS,18135,599
"store_us,global_m_sv","app_us,global_m_web",RAW018AS,18135,599
"store_us,global_m_sv","app_us,global_m_web",RAW018AM,18135,599
"store_us,global_m_sv","app_us,global_m_web",RAW018AL,18135,599
"store_us,global_m_sv","app_us,global_m_web",RAW018AXL,18135,599
"store_us,global_m_sv","app_us,global_m_web",RAW018A,18135,599
"store_us,global_m_sv","app_us,global_m_web",RAWP021XS,12805,415
"store_us,global_m_sv","app_us,global_m_web",RAWP021S,12805,415
"store_us,global_m_sv","app_us,global_m_web",RAWP021M,12805,415
"store_us,global_m_sv","app_us,global_m_web",RAWP021L,12805,415
"store_us,global_m_sv","app_us,global_m_web",RAWP021XL,12805,415
"store_us,global_m_sv","app_us,global_m_web",RAWP021,12805,415
"store_us,global_m_sv","app_us,global_m_web",RAW021XS,12805,415
"store_us,global_m_sv","app_us,global_m_web",RAW021S,12805,415
"store_us,global_m_sv","app_us,global_m_web",RAW021M,12805,415
"store_us,global_m_sv","app_us,global_m_web",RAW021L,12805,415
"store_us,global_m_sv","app_us,global_m_web",RAW021XL,12805,415
"store_us,global_m_sv","app_us,global_m_web",RAW021,12805,415
"store_us,global_m_sv","app_us,global_m_web",RAWR022XS,11180,364
"store_us,global_m_sv","app_us,global_m_web",RAWR022S,11180,364
"store_us,global_m_sv","app_us,global_m_web",RAWR022M,11180,364
"store_us,global_m_sv","app_us,global_m_web",RAWR022L,11180,364
"store_us,global_m_sv","app_us,global_m_web",RAWR022XL,11180,364
"store_us,global_m_sv","app_us,global_m_web",RAWR022,11180,364
"store_us,global_m_sv","app_us,global_m_web",RAW022XS,11180,364
"store_us,global_m_sv","app_us,global_m_web",RAW022S,11180,364
"store_us,global_m_sv","app_us,global_m_web",RAW022M,11180,364
"store_us,global_m_sv","app_us,global_m_web",RAW022L,11180,364
"store_us,global_m_sv","app_us,global_m_web",RAW022XL,11180,364
"store_us,global_m_sv","app_us,global_m_web",RAW022,11180,364
"store_us,global_m_sv","app_us,global_m_web",RAW025XS,13975,454
"store_us,global_m_sv","app_us,global_m_web",RAW025S,13975,454
"store_us,global_m_sv","app_us,global_m_web",RAW025M,13975,454
"store_us,global_m_sv","app_us,global_m_web",RAW025L,13975,454
"store_us,global_m_sv","app_us,global_m_web",RAW025XL,13975,454
"store_us,global_m_sv","app_us,global_m_web",RAW025,13975,454
"store_us,global_m_sv","app_us,global_m_web",RAW029XS,22750,739
"store_us,global_m_sv","app_us,global_m_web",RAW029S,22750,739
"store_us,global_m_sv","app_us,global_m_web",RAW029M,22750,739
"store_us,global_m_sv","app_us,global_m_web",RAW029L,22750,739
"store_us,global_m_sv","app_us,global_m_web",RAW029XL,22750,739
"store_us,global_m_sv","app_us,global_m_web",RAW029,22750,739
"store_us,global_m_sv","app_us,global_m_web",RAW030XS,12545,409
"store_us,global_m_sv","app_us,global_m_web",RAW030S,12545,409
"store_us,global_m_sv","app_us,global_m_web",RAW030M,12545,409
"store_us,global_m_sv","app_us,global_m_web",RAW030L,12545,409
"store_us,global_m_sv","app_us,global_m_web",RAW030XL,12545,409
"store_us,global_m_sv","app_us,global_m_web",RAW030,12545,409
"store_us,global_m_sv","app_us,global_m_web",RAW073XS,8580,289
"store_us,global_m_sv","app_us,global_m_web",RAW073S,8580,289
"store_us,global_m_sv","app_us,global_m_web",RAW073M,8580,289
"store_us,global_m_sv","app_us,global_m_web",RAW073L,8580,289
"store_us,global_m_sv","app_us,global_m_web",RAW073XL,8580,289
"store_us,global_m_sv","app_us,global_m_web",RAW073,8580,289
"store_us,global_m_sv","app_us,global_m_web",RSTW014XS,10439,339
"store_us,global_m_sv","app_us,global_m_web",RSTW014S,10439,339
"store_us,global_m_sv","app_us,global_m_web",RSTW014M,10439,339
"store_us,global_m_sv","app_us,global_m_web",RSTW014L,10439,339
"store_us,global_m_sv","app_us,global_m_web",RSTW014XL,10439,339
"store_us,global_m_sv","app_us,global_m_web",RSTW014,10439,339
"store_us,global_m_sv","app_us,global_m_web",RBW020XS,6175,209
"store_us,global_m_sv","app_us,global_m_web",RBW020S,6175,209
"store_us,global_m_sv","app_us,global_m_web",RBW020M,6175,209
"store_us,global_m_sv","app_us,global_m_web",RBW020L,6175,209
"store_us,global_m_sv","app_us,global_m_web",RBW020XL,6175,209
"store_us,global_m_sv","app_us,global_m_web",RBW020,6175,209
"store_us,global_m_sv","app_us,global_m_web",RBW023XS,1950,69
"store_us,global_m_sv","app_us,global_m_web",RBW023S,1950,69
"store_us,global_m_sv","app_us,global_m_web",RBW023M,1950,69
"store_us,global_m_sv","app_us,global_m_web",RBW023L,1950,69
"store_us,global_m_sv","app_us,global_m_web",RBW023XL,1950,69
"store_us,global_m_sv","app_us,global_m_web",RBW023,1950,69
"store_us,global_m_sv","app_us,global_m_web",RBW029XS,5070,169
"store_us,global_m_sv","app_us,global_m_web",RBW029S,5070,169
"store_us,global_m_sv","app_us,global_m_web",RBW029M,5070,169
"store_us,global_m_sv","app_us,global_m_web",RBW029L,5070,169
"store_us,global_m_sv","app_us,global_m_web",RBW029XL,5070,169
"store_us,global_m_sv","app_us,global_m_web",RBW029,5070,169
"store_us,global_m_sv","app_us,global_m_web",RBW034XS,4485,149
"store_us,global_m_sv","app_us,global_m_web",RBW034S,4485,149
"store_us,global_m_sv","app_us,global_m_web",RBW034M,4485,149
"store_us,global_m_sv","app_us,global_m_web",RBW034L,4485,149
"store_us,global_m_sv","app_us,global_m_web",RBW034XL,4485,149
"store_us,global_m_sv","app_us,global_m_web",RBW034,4485,149
"store_us,global_m_sv","app_us,global_m_web",RBW038XS,2535,89
"store_us,global_m_sv","app_us,global_m_web",RBW038S,2535,89
"store_us,global_m_sv","app_us,global_m_web",RBW038M,2535,89
"store_us,global_m_sv","app_us,global_m_web",RBW038L,2535,89
"store_us,global_m_sv","app_us,global_m_web",RBW038XL,2535,89
"store_us,global_m_sv","app_us,global_m_web",RBW038,2535,89
"store_us,global_m_sv","app_us,global_m_web",RBW039XS,5785,189
"store_us,global_m_sv","app_us,global_m_web",RBW039S,5785,189
"store_us,global_m_sv","app_us,global_m_web",RBW039M,5785,189
"store_us,global_m_sv","app_us,global_m_web",RBW039L,5785,189
"store_us,global_m_sv","app_us,global_m_web",RBW039XL,5785,189
"store_us,global_m_sv","app_us,global_m_web",RBW039,5785,189
"store_us,global_m_sv","app_us,global_m_web",RBW040XS,6314,209
"store_us,global_m_sv","app_us,global_m_web",RBW040S,6314,209
"store_us,global_m_sv","app_us,global_m_web",RBW040M,6314,209
"store_us,global_m_sv","app_us,global_m_web",RBW040L,6314,209
"store_us,global_m_sv","app_us,global_m_web",RBW040XL,6314,209
"store_us,global_m_sv","app_us,global_m_web",RBW040,6314,209
"store_us,global_m_sv","app_us,global_m_web",RBW042XS,3055,109
"store_us,global_m_sv","app_us,global_m_web",RBW042S,3055,109
"store_us,global_m_sv","app_us,global_m_web",RBW042M,3055,109
"store_us,global_m_sv","app_us,global_m_web",RBW042L,3055,109
"store_us,global_m_sv","app_us,global_m_web",RBW042XL,3055,109
"store_us,global_m_sv","app_us,global_m_web",RBW042,3055,109
"store_us,global_m_sv","app_us,global_m_web",RBW043XS,2340,79
"store_us,global_m_sv","app_us,global_m_web",RBW043S,2340,79
"store_us,global_m_sv","app_us,global_m_web",RBW043M,2340,79
"store_us,global_m_sv","app_us,global_m_web",RBW043L,2340,79
"store_us,global_m_sv","app_us,global_m_web",RBW043XL,2340,79
"store_us,global_m_sv","app_us,global_m_web",RBW043,2340,79
"store_us,global_m_sv","app_us,global_m_web",RBW044XS,3120,100
"store_us,global_m_sv","app_us,global_m_web",RBW044S,3120,100
"store_us,global_m_sv","app_us,global_m_web",RBW044M,3120,100
"store_us,global_m_sv","app_us,global_m_web",RBW044L,3120,100
"store_us,global_m_sv","app_us,global_m_web",RBW044XL,3120,100
"store_us,global_m_sv","app_us,global_m_web",RBW044,3120,100
"store_us,global_m_sv","app_us,global_m_web",RBW046XS,3608,129
"store_us,global_m_sv","app_us,global_m_web",RBW046S,3608,129
"store_us,global_m_sv","app_us,global_m_web",RBW046M,3608,129
"store_us,global_m_sv","app_us,global_m_web",RBW046L,3608,129
"store_us,global_m_sv","app_us,global_m_web",RBW046XL,3608,129
"store_us,global_m_sv","app_us,global_m_web",RBW046,3608,129
"store_us,global_m_sv","app_us,global_m_web",RBW047XS,1950,69
"store_us,global_m_sv","app_us,global_m_web",RBW047S,1950,69
"store_us,global_m_sv","app_us,global_m_web",RBW047M,1950,69
"store_us,global_m_sv","app_us,global_m_web",RBW047L,1950,69
"store_us,global_m_sv","app_us,global_m_web",RBW047XL,1950,69
"store_us,global_m_sv","app_us,global_m_web",RBW047,1950,69
"store_us,global_m_sv","app_us,global_m_web",RBW052XS,3705,129
"store_us,global_m_sv","app_us,global_m_web",RBW052S,3705,129
"store_us,global_m_sv","app_us,global_m_web",RBW052M,3705,129
"store_us,global_m_sv","app_us,global_m_web",RBW052L,3705,129
"store_us,global_m_sv","app_us,global_m_web",RBW052XL,3705,129
"store_us,global_m_sv","app_us,global_m_web",RBW052,3705,129
"store_us,global_m_sv","app_us,global_m_web",RBW056XS,2275,79
"store_us,global_m_sv","app_us,global_m_web",RBW056S,2275,79
"store_us,global_m_sv","app_us,global_m_web",RBW056M,2275,79
"store_us,global_m_sv","app_us,global_m_web",RBW056L,2275,79
"store_us,global_m_sv","app_us,global_m_web",RBW056XL,2275,79
"store_us,global_m_sv","app_us,global_m_web",RBW056,2275,79
"store_us,global_m_sv","app_us,global_m_web",RBW065AXS,9750,319
"store_us,global_m_sv","app_us,global_m_web",RBW065AS,9750,319
"store_us,global_m_sv","app_us,global_m_web",RBW065AM,9750,319
"store_us,global_m_sv","app_us,global_m_web",RBW065AL,9750,319
"store_us,global_m_sv","app_us,global_m_web",RBW065AXL,9750,319
"store_us,global_m_sv","app_us,global_m_web",RBW065A,9750,319
"store_us,global_m_sv","app_us,global_m_web",RLW008XS,35035,1199
"store_us,global_m_sv","app_us,global_m_web",RLW008S,35035,1199
"store_us,global_m_sv","app_us,global_m_web",RLW008M,35035,1199
"store_us,global_m_sv","app_us,global_m_web",RLW008L,35035,1199
"store_us,global_m_sv","app_us,global_m_web",RLW008XL,35035,1199
"store_us,global_m_sv","app_us,global_m_web",RLW008,35035,1199
"store_us,global_m_sv","app_us,global_m_web",RAW096XS,14300,465
"store_us,global_m_sv","app_us,global_m_web",RAW096S,14300,465
"store_us,global_m_sv","app_us,global_m_web",RAW096M,14300,465
"store_us,global_m_sv","app_us,global_m_web",RAW096L,14300,465
"store_us,global_m_sv","app_us,global_m_web",RAW096XL,14300,465
"store_us,global_m_sv","app_us,global_m_web",RAW096,14300,465
"store_us,global_m_sv","app_us,global_m_web",RLW047XS,29510,969
"store_us,global_m_sv","app_us,global_m_web",RLW047S,29510,969
"store_us,global_m_sv","app_us,global_m_web",RLW047M,29510,969
"store_us,global_m_sv","app_us,global_m_web",RLW047L,29510,969
"store_us,global_m_sv","app_us,global_m_web",RLW047XL,29510,969
"store_us,global_m_sv","app_us,global_m_web",RLW047,29510,969
"store_us,global_m_sv","app_us,global_m_web",RAW049AXS,16900,549
"store_us,global_m_sv","app_us,global_m_web",RAW049AS,16900,549
"store_us,global_m_sv","app_us,global_m_web",RAW049AM,16900,549
"store_us,global_m_sv","app_us,global_m_web",RAW049AL,16900,549
"store_us,global_m_sv","app_us,global_m_web",RAW049AXL,16900,549
"store_us,global_m_sv","app_us,global_m_web",RAW049A,16900,549
"store_us,global_m_sv","app_us,global_m_web",RAW085XS,15145,499
"store_us,global_m_sv","app_us,global_m_web",RAW085S,15145,499
"store_us,global_m_sv","app_us,global_m_web",RAW085M,15145,499
"store_us,global_m_sv","app_us,global_m_web",RAW085L,15145,499
"store_us,global_m_sv","app_us,global_m_web",RAW085XL,15145,499
"store_us,global_m_sv","app_us,global_m_web",RAW085,15145,499
"store_us,global_m_sv","app_us,global_m_web",RAW091XS,17615,579
"store_us,global_m_sv","app_us,global_m_web",RAW091S,17615,579
"store_us,global_m_sv","app_us,global_m_web",RAW091M,17615,579
"store_us,global_m_sv","app_us,global_m_web",RAW091L,17615,579
"store_us,global_m_sv","app_us,global_m_web",RAW091XL,17615,579
"store_us,global_m_sv","app_us,global_m_web",RAW091,17615,579
"store_us,global_m_sv","app_us,global_m_web",RSRW034XS,26845,879
"store_us,global_m_sv","app_us,global_m_web",RSRW034S,26845,879
"store_us,global_m_sv","app_us,global_m_web",RSRW034M,26845,879
"store_us,global_m_sv","app_us,global_m_web",RSRW034L,26845,879
"store_us,global_m_sv","app_us,global_m_web",RSRW034XL,26845,879
"store_us,global_m_sv","app_us,global_m_web",RSRW034,26845,879
"store_us,global_m_sv","app_us,global_m_web",RSRW048XS,18137,599
"store_us,global_m_sv","app_us,global_m_web",RSRW048S,18137,599
"store_us,global_m_sv","app_us,global_m_web",RSRW048M,18137,599
"store_us,global_m_sv","app_us,global_m_web",RSRW048L,18137,599
"store_us,global_m_sv","app_us,global_m_web",RSRW048XL,18137,599
"store_us,global_m_sv","app_us,global_m_web",RSRW048,18137,599
"store_us,global_m_sv","app_us,global_m_web",RLW039XS,17095,559
"store_us,global_m_sv","app_us,global_m_web",RLW039S,17095,559
"store_us,global_m_sv","app_us,global_m_web",RLW039M,17095,559
"store_us,global_m_sv","app_us,global_m_web",RLW039L,17095,559
"store_us,global_m_sv","app_us,global_m_web",RLW039XL,17095,559
"store_us,global_m_sv","app_us,global_m_web",RLW039,17095,559
"store_in,india_m_sv","app_in,india_m_web",RSRW035XS,7930,12200
"store_in,india_m_sv","app_in,india_m_web",RSRW035S,7930,12200
"store_in,india_m_sv","app_in,india_m_web",RSRW035M,7930,12200
"store_in,india_m_sv","app_in,india_m_web",RSRW035L,7930,12200
"store_in,india_m_sv","app_in,india_m_web",RSRW035XL,7930,12200
"store_in,india_m_sv","app_in,india_m_web",RSRW035,7930,12200
"store_in,india_m_sv","app_in,india_m_web",RSRW016XS,12155,18700
"store_in,india_m_sv","app_in,india_m_web",RSRW016S,12155,18700
"store_in,india_m_sv","app_in,india_m_web",RSRW016M,12155,18700
"store_in,india_m_sv","app_in,india_m_web",RSRW016L,12155,18700
"store_in,india_m_sv","app_in,india_m_web",RSRW016XL,12155,18700
"store_in,india_m_sv","app_in,india_m_web",RSRW016,12155,18700
"store_in,india_m_sv","app_in,india_m_web",RSRRW015XS,12155,18700
"store_in,india_m_sv","app_in,india_m_web",RSRRW015S,12155,18700
"store_in,india_m_sv","app_in,india_m_web",RSRRW015M,12155,18700
"store_in,india_m_sv","app_in,india_m_web",RSRRW015L,12155,18700
"store_in,india_m_sv","app_in,india_m_web",RSRRW015XL,12155,18700
"store_in,india_m_sv","app_in,india_m_web",RSRRW015,12155,18700
"store_in,india_m_sv","app_in,india_m_web",RSRW015XS,12155,18700
"store_in,india_m_sv","app_in,india_m_web",RSRW015S,12155,18700
"store_in,india_m_sv","app_in,india_m_web",RSRW015M,12155,18700
"store_in,india_m_sv","app_in,india_m_web",RSRW015L,12155,18700
"store_in,india_m_sv","app_in,india_m_web",RSRW015XL,12155,18700
"store_in,india_m_sv","app_in,india_m_web",RSRW015,12155,18700
"store_in,india_m_sv","app_in,india_m_web",RSRW045XS,12350,19000
"store_in,india_m_sv","app_in,india_m_web",RSRW045S,12350,19000
"store_in,india_m_sv","app_in,india_m_web",RSRW045M,12350,19000
"store_in,india_m_sv","app_in,india_m_web",RSRW045L,12350,19000
"store_in,india_m_sv","app_in,india_m_web",RSRW045XL,12350,19000
"store_in,india_m_sv","app_in,india_m_web",RSRW045,12350,19000
"store_in,india_m_sv","app_in,india_m_web",RSRW042XS,11123,17112
"store_in,india_m_sv","app_in,india_m_web",RSRW042S,11123,17112
"store_in,india_m_sv","app_in,india_m_web",RSRW042M,11123,17112
"store_in,india_m_sv","app_in,india_m_web",RSRW042L,11123,17112
"store_in,india_m_sv","app_in,india_m_web",RSRW042XL,11123,17112
"store_in,india_m_sv","app_in,india_m_web",RSRW042,11123,17112
"store_in,india_m_sv","app_in,india_m_web",RSRW033XS,10183,15666
"store_in,india_m_sv","app_in,india_m_web",RSRW033S,10183,15666
"store_in,india_m_sv","app_in,india_m_web",RSRW033M,10183,15666
"store_in,india_m_sv","app_in,india_m_web",RSRW033L,10183,15666
"store_in,india_m_sv","app_in,india_m_web",RSRW033XL,10183,15666
"store_in,india_m_sv","app_in,india_m_web",RSRW033,10183,15666
"store_in,india_m_sv","app_in,india_m_web",RSRW032XS,19110,29400
"store_in,india_m_sv","app_in,india_m_web",RSRW032S,19110,29400
"store_in,india_m_sv","app_in,india_m_web",RSRW032M,19110,29400
"store_in,india_m_sv","app_in,india_m_web",RSRW032L,19110,29400
"store_in,india_m_sv","app_in,india_m_web",RSRW032XL,19110,29400
"store_in,india_m_sv","app_in,india_m_web",RSRW032,19110,29400
"store_in,india_m_sv","app_in,india_m_web",RSRW030XS,17875,27500
"store_in,india_m_sv","app_in,india_m_web",RSRW030S,17875,27500
"store_in,india_m_sv","app_in,india_m_web",RSRW030M,17875,27500
"store_in,india_m_sv","app_in,india_m_web",RSRW030L,17875,27500
"store_in,india_m_sv","app_in,india_m_web",RSRW030XL,17875,27500
"store_in,india_m_sv","app_in,india_m_web",RSRW030,17875,27500
"store_in,india_m_sv","app_in,india_m_web",RSRW027XS,26000,40000
"store_in,india_m_sv","app_in,india_m_web",RSRW027S,26000,40000
"store_in,india_m_sv","app_in,india_m_web",RSRW027M,26000,40000
"store_in,india_m_sv","app_in,india_m_web",RSRW027L,26000,40000
"store_in,india_m_sv","app_in,india_m_web",RSRW027XL,26000,40000
"store_in,india_m_sv","app_in,india_m_web",RSRW027,26000,40000
"store_in,india_m_sv","app_in,india_m_web",RSRW024XS,16982,26126
"store_in,india_m_sv","app_in,india_m_web",RSRW024S,16982,26126
"store_in,india_m_sv","app_in,india_m_web",RSRW024M,16982,26126
"store_in,india_m_sv","app_in,india_m_web",RSRW024L,16982,26126
"store_in,india_m_sv","app_in,india_m_web",RSRW024XL,16982,26126
"store_in,india_m_sv","app_in,india_m_web",RSRW024,16982,26126
"store_in,india_m_sv","app_in,india_m_web",RSRW026XS,11050,17000
"store_in,india_m_sv","app_in,india_m_web",RSRW026S,11050,17000
"store_in,india_m_sv","app_in,india_m_web",RSRW026M,11050,17000
"store_in,india_m_sv","app_in,india_m_web",RSRW026L,11050,17000
"store_in,india_m_sv","app_in,india_m_web",RSRW026XL,11050,17000
"store_in,india_m_sv","app_in,india_m_web",RSRW026,11050,17000
"store_in,india_m_sv","app_in,india_m_web",RLW024XS,27300,42000
"store_in,india_m_sv","app_in,india_m_web",RLW024S,27300,42000
"store_in,india_m_sv","app_in,india_m_web",RLW024M,27300,42000
"store_in,india_m_sv","app_in,india_m_web",RLW024L,27300,42000
"store_in,india_m_sv","app_in,india_m_web",RLW024XL,27300,42000
"store_in,india_m_sv","app_in,india_m_web",RLW024,27300,42000
"store_in,india_m_sv","app_in,india_m_web",RLW009XS,26455,40700
"store_in,india_m_sv","app_in,india_m_web",RLW009S,26455,40700
"store_in,india_m_sv","app_in,india_m_web",RLW009M,26455,40700
"store_in,india_m_sv","app_in,india_m_web",RLW009L,26455,40700
"store_in,india_m_sv","app_in,india_m_web",RLW009XL,26455,40700
"store_in,india_m_sv","app_in,india_m_web",RLW009,26455,40700
"store_in,india_m_sv","app_in,india_m_web",RLW021XS,53235,81900
"store_in,india_m_sv","app_in,india_m_web",RLW021S,53235,81900
"store_in,india_m_sv","app_in,india_m_web",RLW021M,53235,81900
"store_in,india_m_sv","app_in,india_m_web",RLW021L,53235,81900
"store_in,india_m_sv","app_in,india_m_web",RLW021XL,53235,81900
"store_in,india_m_sv","app_in,india_m_web",RLW021,53235,81900
"store_in,india_m_sv","app_in,india_m_web",RLW031XS,45240,69600
"store_in,india_m_sv","app_in,india_m_web",RLW031S,45240,69600
"store_in,india_m_sv","app_in,india_m_web",RLW031M,45240,69600
"store_in,india_m_sv","app_in,india_m_web",RLW031L,45240,69600
"store_in,india_m_sv","app_in,india_m_web",RLW031XL,45240,69600
"store_in,india_m_sv","app_in,india_m_web",RLW031,45240,69600
"store_in,india_m_sv","app_in,india_m_web",RLW023XS,52975,81500
"store_in,india_m_sv","app_in,india_m_web",RLW023S,52975,81500
"store_in,india_m_sv","app_in,india_m_web",RLW023M,52975,81500
"store_in,india_m_sv","app_in,india_m_web",RLW023L,52975,81500
"store_in,india_m_sv","app_in,india_m_web",RLW023XL,52975,81500
"store_in,india_m_sv","app_in,india_m_web",RLW023,52975,81500
"store_in,india_m_sv","app_in,india_m_web",RLW032XS,18070,27800
"store_in,india_m_sv","app_in,india_m_web",RLW032S,18070,27800
"store_in,india_m_sv","app_in,india_m_web",RLW032M,18070,27800
"store_in,india_m_sv","app_in,india_m_web",RLW032L,18070,27800
"store_in,india_m_sv","app_in,india_m_web",RLW032XL,18070,27800
"store_in,india_m_sv","app_in,india_m_web",RLW032,18070,27800
"store_in,india_m_sv","app_in,india_m_web",RLW034XS,24830,38200
"store_in,india_m_sv","app_in,india_m_web",RLW034S,24830,38200
"store_in,india_m_sv","app_in,india_m_web",RLW034M,24830,38200
"store_in,india_m_sv","app_in,india_m_web",RLW034L,24830,38200
"store_in,india_m_sv","app_in,india_m_web",RLW034XL,24830,38200
"store_in,india_m_sv","app_in,india_m_web",RLW034,24830,38200
"store_in,india_m_sv","app_in,india_m_web",RLW022XS,53040,81600
"store_in,india_m_sv","app_in,india_m_web",RLW022S,53040,81600
"store_in,india_m_sv","app_in,india_m_web",RLW022M,53040,81600
"store_in,india_m_sv","app_in,india_m_web",RLW022L,53040,81600
"store_in,india_m_sv","app_in,india_m_web",RLW022XL,53040,81600
"store_in,india_m_sv","app_in,india_m_web",RLW022,53040,81600
"store_in,india_m_sv","app_in,india_m_web",RLW027XS,34515,53100
"store_in,india_m_sv","app_in,india_m_web",RLW027S,34515,53100
"store_in,india_m_sv","app_in,india_m_web",RLW027M,34515,53100
"store_in,india_m_sv","app_in,india_m_web",RLW027L,34515,53100
"store_in,india_m_sv","app_in,india_m_web",RLW027XL,34515,53100
"store_in,india_m_sv","app_in,india_m_web",RLW027,34515,53100
"store_in,india_m_sv","app_in,india_m_web",RLW029XS,17420,26800
"store_in,india_m_sv","app_in,india_m_web",RLW029S,17420,26800
"store_in,india_m_sv","app_in,india_m_web",RLW029M,17420,26800
"store_in,india_m_sv","app_in,india_m_web",RLW029L,17420,26800
"store_in,india_m_sv","app_in,india_m_web",RLW029XL,17420,26800
"store_in,india_m_sv","app_in,india_m_web",RLW029,17420,26800
"store_in,india_m_sv","app_in,india_m_web",RLW030XS,25311,38940
"store_in,india_m_sv","app_in,india_m_web",RLW030S,25311,38940
"store_in,india_m_sv","app_in,india_m_web",RLW030M,25311,38940
"store_in,india_m_sv","app_in,india_m_web",RLW030L,25311,38940
"store_in,india_m_sv","app_in,india_m_web",RLW030XL,25311,38940
"store_in,india_m_sv","app_in,india_m_web",RLW030,25311,38940
"store_in,india_m_sv","app_in,india_m_web",RAW042XS,9428,14505
"store_in,india_m_sv","app_in,india_m_web",RAW042S,9428,14505
"store_in,india_m_sv","app_in,india_m_web",RAW042M,9428,14505
"store_in,india_m_sv","app_in,india_m_web",RAW042L,9428,14505
"store_in,india_m_sv","app_in,india_m_web",RAW042XL,9428,14505
"store_in,india_m_sv","app_in,india_m_web",RAW042,9428,14505
"store_in,india_m_sv","app_in,india_m_web",RAW067XS,9880,15200
"store_in,india_m_sv","app_in,india_m_web",RAW067S,9880,15200
"store_in,india_m_sv","app_in,india_m_web",RAW067M,9880,15200
"store_in,india_m_sv","app_in,india_m_web",RAW067L,9880,15200
"store_in,india_m_sv","app_in,india_m_web",RAW067XL,9880,15200
"store_in,india_m_sv","app_in,india_m_web",RAW067,9880,15200
"store_in,india_m_sv","app_in,india_m_web",RAW066XS,15145,23300
"store_in,india_m_sv","app_in,india_m_web",RAW066S,15145,23300
"store_in,india_m_sv","app_in,india_m_web",RAW066M,15145,23300
"store_in,india_m_sv","app_in,india_m_web",RAW066L,15145,23300
"store_in,india_m_sv","app_in,india_m_web",RAW066XL,15145,23300
"store_in,india_m_sv","app_in,india_m_web",RAW066,15145,23300
"store_in,india_m_sv","app_in,india_m_web",RJW019XS,16900,26000
"store_in,india_m_sv","app_in,india_m_web",RJW019S,16900,26000
"store_in,india_m_sv","app_in,india_m_web",RJW019M,16900,26000
"store_in,india_m_sv","app_in,india_m_web",RJW019L,16900,26000
"store_in,india_m_sv","app_in,india_m_web",RJW019XL,16900,26000
"store_in,india_m_sv","app_in,india_m_web",RJW019,16900,26000
"store_in,india_m_sv","app_in,india_m_web",RLW012XS,12090,18600
"store_in,india_m_sv","app_in,india_m_web",RLW012S,12090,18600
"store_in,india_m_sv","app_in,india_m_web",RLW012M,12090,18600
"store_in,india_m_sv","app_in,india_m_web",RLW012L,12090,18600
"store_in,india_m_sv","app_in,india_m_web",RLW012XL,12090,18600
"store_in,india_m_sv","app_in,india_m_web",RLW012,12090,18600
"store_in,india_m_sv","app_in,india_m_web",RGW007XS,20670,31800
"store_in,india_m_sv","app_in,india_m_web",RGW007S,20670,31800
"store_in,india_m_sv","app_in,india_m_web",RGW007M,20670,31800
"store_in,india_m_sv","app_in,india_m_web",RGW007L,20670,31800
"store_in,india_m_sv","app_in,india_m_web",RGW007XL,20670,31800
"store_in,india_m_sv","app_in,india_m_web",RGW007,20670,31800
"store_in,india_m_sv","app_in,india_m_web",RKW040XS,6240,9600
"store_in,india_m_sv","app_in,india_m_web",RKW040S,6240,9600
"store_in,india_m_sv","app_in,india_m_web",RKW040M,6240,9600
"store_in,india_m_sv","app_in,india_m_web",RKW040L,6240,9600
"store_in,india_m_sv","app_in,india_m_web",RKW040XL,6240,9600
"store_in,india_m_sv","app_in,india_m_web",RKW040,6240,9600
"store_in,india_m_sv","app_in,india_m_web",RJW020XS,16965,26100
"store_in,india_m_sv","app_in,india_m_web",RJW020S,16965,26100
"store_in,india_m_sv","app_in,india_m_web",RJW020M,16965,26100
"store_in,india_m_sv","app_in,india_m_web",RJW020L,16965,26100
"store_in,india_m_sv","app_in,india_m_web",RJW020XL,16965,26100
"store_in,india_m_sv","app_in,india_m_web",RJW020,16965,26100
"store_in,india_m_sv","app_in,india_m_web",RJW018XS,13715,21100
"store_in,india_m_sv","app_in,india_m_web",RJW018S,13715,21100
"store_in,india_m_sv","app_in,india_m_web",RJW018M,13715,21100
"store_in,india_m_sv","app_in,india_m_web",RJW018L,13715,21100
"store_in,india_m_sv","app_in,india_m_web",RJW018XL,13715,21100
"store_in,india_m_sv","app_in,india_m_web",RJW018,13715,21100
"store_in,india_m_sv","app_in,india_m_web",RSTW140XS,7020,10800
"store_in,india_m_sv","app_in,india_m_web",RSTW140S,7020,10800
"store_in,india_m_sv","app_in,india_m_web",RSTW140M,7020,10800
"store_in,india_m_sv","app_in,india_m_web",RSTW140L,7020,10800
"store_in,india_m_sv","app_in,india_m_web",RSTW140XL,7020,10800
"store_in,india_m_sv","app_in,india_m_web",RSTW140,7020,10800
"store_in,india_m_sv","app_in,india_m_web",RSTW018XS,9620,14800
"store_in,india_m_sv","app_in,india_m_web",RSTW018S,9620,14800
"store_in,india_m_sv","app_in,india_m_web",RSTW018M,9620,14800
"store_in,india_m_sv","app_in,india_m_web",RSTW018L,9620,14800
"store_in,india_m_sv","app_in,india_m_web",RSTW018XL,9620,14800
"store_in,india_m_sv","app_in,india_m_web",RSTW018,9620,14800
"store_in,india_m_sv","app_in,india_m_web",RSTW016XS,13845,21300
"store_in,india_m_sv","app_in,india_m_web",RSTW016S,13845,21300
"store_in,india_m_sv","app_in,india_m_web",RSTW016M,13845,21300
"store_in,india_m_sv","app_in,india_m_web",RSTW016L,13845,21300
"store_in,india_m_sv","app_in,india_m_web",RSTW016XL,13845,21300
"store_in,india_m_sv","app_in,india_m_web",RSTW016,13845,21300
"store_in,india_m_sv","app_in,india_m_web",RAW162XS,6944,10683
"store_in,india_m_sv","app_in,india_m_web",RAW162S,6944,10683
"store_in,india_m_sv","app_in,india_m_web",RAW162M,6944,10683
"store_in,india_m_sv","app_in,india_m_web",RAW162L,6944,10683
"store_in,india_m_sv","app_in,india_m_web",RAW162XL,6944,10683
"store_in,india_m_sv","app_in,india_m_web",RAW162,6944,10683
"store_in,india_m_sv","app_in,india_m_web",RAW082XS,9750,15000
"store_in,india_m_sv","app_in,india_m_web",RAW082S,9750,15000
"store_in,india_m_sv","app_in,india_m_web",RAW082M,9750,15000
"store_in,india_m_sv","app_in,india_m_web",RAW082L,9750,15000
"store_in,india_m_sv","app_in,india_m_web",RAW082XL,9750,15000
"store_in,india_m_sv","app_in,india_m_web",RAW082,9750,15000
"store_in,india_m_sv","app_in,india_m_web",RAW056XS,16315,25100
"store_in,india_m_sv","app_in,india_m_web",RAW056S,16315,25100
"store_in,india_m_sv","app_in,india_m_web",RAW056M,16315,25100
"store_in,india_m_sv","app_in,india_m_web",RAW056L,16315,25100
"store_in,india_m_sv","app_in,india_m_web",RAW056XL,16315,25100
"store_in,india_m_sv","app_in,india_m_web",RAW056,16315,25100
"store_in,india_m_sv","app_in,india_m_web",RAW049XS,16756,25779
"store_in,india_m_sv","app_in,india_m_web",RAW049S,16756,25779
"store_in,india_m_sv","app_in,india_m_web",RAW049M,16756,25779
"store_in,india_m_sv","app_in,india_m_web",RAW049L,16756,25779
"store_in,india_m_sv","app_in,india_m_web",RAW049XL,16756,25779
"store_in,india_m_sv","app_in,india_m_web",RAW049,16756,25779
"store_in,india_m_sv","app_in,india_m_web",RAW044XS,10848,16689
"store_in,india_m_sv","app_in,india_m_web",RAW044S,10848,16689
"store_in,india_m_sv","app_in,india_m_web",RAW044M,10848,16689
"store_in,india_m_sv","app_in,india_m_web",RAW044L,10848,16689
"store_in,india_m_sv","app_in,india_m_web",RAW044XL,10848,16689
"store_in,india_m_sv","app_in,india_m_web",RAW044,10848,16689
"store_in,india_m_sv","app_in,india_m_web",RAW041XS,16900,26000
"store_in,india_m_sv","app_in,india_m_web",RAW041S,16900,26000
"store_in,india_m_sv","app_in,india_m_web",RAW041M,16900,26000
"store_in,india_m_sv","app_in,india_m_web",RAW041L,16900,26000
"store_in,india_m_sv","app_in,india_m_web",RAW041XL,16900,26000
"store_in,india_m_sv","app_in,india_m_web",RAW041,16900,26000
"store_in,india_m_sv","app_in,india_m_web",RAW032XS,10538,16212
"store_in,india_m_sv","app_in,india_m_web",RAW032S,10538,16212
"store_in,india_m_sv","app_in,india_m_web",RAW032M,10538,16212
"store_in,india_m_sv","app_in,india_m_web",RAW032L,10538,16212
"store_in,india_m_sv","app_in,india_m_web",RAW032XL,10538,16212
"store_in,india_m_sv","app_in,india_m_web",RAW032,10538,16212
"store_in,india_m_sv","app_in,india_m_web",RAW031XS,15705,24162
"store_in,india_m_sv","app_in,india_m_web",RAW031S,15705,24162
"store_in,india_m_sv","app_in,india_m_web",RAW031M,15705,24162
"store_in,india_m_sv","app_in,india_m_web",RAW031L,15705,24162
"store_in,india_m_sv","app_in,india_m_web",RAW031XL,15705,24162
"store_in,india_m_sv","app_in,india_m_web",RAW031,15705,24162
"store_in,india_m_sv","app_in,india_m_web",RAW006XS,9961,15324
"store_in,india_m_sv","app_in,india_m_web",RAW006S,9961,15324
"store_in,india_m_sv","app_in,india_m_web",RAW006M,9961,15324
"store_in,india_m_sv","app_in,india_m_web",RAW006L,9961,15324
"store_in,india_m_sv","app_in,india_m_web",RAW006XL,9961,15324
"store_in,india_m_sv","app_in,india_m_web",RAW006,9961,15324
"store_in,india_m_sv","app_in,india_m_web",RAW018AXS,18135,27900
"store_in,india_m_sv","app_in,india_m_web",RAW018AS,18135,27900
"store_in,india_m_sv","app_in,india_m_web",RAW018AM,18135,27900
"store_in,india_m_sv","app_in,india_m_web",RAW018AL,18135,27900
"store_in,india_m_sv","app_in,india_m_web",RAW018AXL,18135,27900
"store_in,india_m_sv","app_in,india_m_web",RAW018A,18135,27900
"store_in,india_m_sv","app_in,india_m_web",RAWP021XS,12805,19700
"store_in,india_m_sv","app_in,india_m_web",RAWP021S,12805,19700
"store_in,india_m_sv","app_in,india_m_web",RAWP021M,12805,19700
"store_in,india_m_sv","app_in,india_m_web",RAWP021L,12805,19700
"store_in,india_m_sv","app_in,india_m_web",RAWP021XL,12805,19700
"store_in,india_m_sv","app_in,india_m_web",RAWP021,12805,19700
"store_in,india_m_sv","app_in,india_m_web",RAW021XS,12805,19700
"store_in,india_m_sv","app_in,india_m_web",RAW021S,12805,19700
"store_in,india_m_sv","app_in,india_m_web",RAW021M,12805,19700
"store_in,india_m_sv","app_in,india_m_web",RAW021L,12805,19700
"store_in,india_m_sv","app_in,india_m_web",RAW021XL,12805,19700
"store_in,india_m_sv","app_in,india_m_web",RAW021,12805,19700
"store_in,india_m_sv","app_in,india_m_web",RAWR022XS,11180,17200
"store_in,india_m_sv","app_in,india_m_web",RAWR022S,11180,17200
"store_in,india_m_sv","app_in,india_m_web",RAWR022M,11180,17200
"store_in,india_m_sv","app_in,india_m_web",RAWR022L,11180,17200
"store_in,india_m_sv","app_in,india_m_web",RAWR022XL,11180,17200
"store_in,india_m_sv","app_in,india_m_web",RAWR022,11180,17200
"store_in,india_m_sv","app_in,india_m_web",RAW022XS,11180,17200
"store_in,india_m_sv","app_in,india_m_web",RAW022S,11180,17200
"store_in,india_m_sv","app_in,india_m_web",RAW022M,11180,17200
"store_in,india_m_sv","app_in,india_m_web",RAW022L,11180,17200
"store_in,india_m_sv","app_in,india_m_web",RAW022XL,11180,17200
"store_in,india_m_sv","app_in,india_m_web",RAW022,11180,17200
"store_in,india_m_sv","app_in,india_m_web",RAW025XS,13975,21500
"store_in,india_m_sv","app_in,india_m_web",RAW025S,13975,21500
"store_in,india_m_sv","app_in,india_m_web",RAW025M,13975,21500
"store_in,india_m_sv","app_in,india_m_web",RAW025L,13975,21500
"store_in,india_m_sv","app_in,india_m_web",RAW025XL,13975,21500
"store_in,india_m_sv","app_in,india_m_web",RAW025,13975,21500
"store_in,india_m_sv","app_in,india_m_web",RAW029XS,22750,35000
"store_in,india_m_sv","app_in,india_m_web",RAW029S,22750,35000
"store_in,india_m_sv","app_in,india_m_web",RAW029M,22750,35000
"store_in,india_m_sv","app_in,india_m_web",RAW029L,22750,35000
"store_in,india_m_sv","app_in,india_m_web",RAW029XL,22750,35000
"store_in,india_m_sv","app_in,india_m_web",RAW029,22750,35000
"store_in,india_m_sv","app_in,india_m_web",RAW030XS,12545,19300
"store_in,india_m_sv","app_in,india_m_web",RAW030S,12545,19300
"store_in,india_m_sv","app_in,india_m_web",RAW030M,12545,19300
"store_in,india_m_sv","app_in,india_m_web",RAW030L,12545,19300
"store_in,india_m_sv","app_in,india_m_web",RAW030XL,12545,19300
"store_in,india_m_sv","app_in,india_m_web",RAW030,12545,19300
"store_in,india_m_sv","app_in,india_m_web",RAW073XS,8580,13200
"store_in,india_m_sv","app_in,india_m_web",RAW073S,8580,13200
"store_in,india_m_sv","app_in,india_m_web",RAW073M,8580,13200
"store_in,india_m_sv","app_in,india_m_web",RAW073L,8580,13200
"store_in,india_m_sv","app_in,india_m_web",RAW073XL,8580,13200
"store_in,india_m_sv","app_in,india_m_web",RAW073,8580,13200
"store_in,india_m_sv","app_in,india_m_web",RSTW014XS,10439,16060
"store_in,india_m_sv","app_in,india_m_web",RSTW014S,10439,16060
"store_in,india_m_sv","app_in,india_m_web",RSTW014M,10439,16060
"store_in,india_m_sv","app_in,india_m_web",RSTW014L,10439,16060
"store_in,india_m_sv","app_in,india_m_web",RSTW014XL,10439,16060
"store_in,india_m_sv","app_in,india_m_web",RSTW014,10439,16060
"store_in,india_m_sv","app_in,india_m_web",RBW020XS,6175,9500
"store_in,india_m_sv","app_in,india_m_web",RBW020S,6175,9500
"store_in,india_m_sv","app_in,india_m_web",RBW020M,6175,9500
"store_in,india_m_sv","app_in,india_m_web",RBW020L,6175,9500
"store_in,india_m_sv","app_in,india_m_web",RBW020XL,6175,9500
"store_in,india_m_sv","app_in,india_m_web",RBW020,6175,9500
"store_in,india_m_sv","app_in,india_m_web",RBW023XS,1950,3000
"store_in,india_m_sv","app_in,india_m_web",RBW023S,1950,3000
"store_in,india_m_sv","app_in,india_m_web",RBW023M,1950,3000
"store_in,india_m_sv","app_in,india_m_web",RBW023L,1950,3000
"store_in,india_m_sv","app_in,india_m_web",RBW023XL,1950,3000
"store_in,india_m_sv","app_in,india_m_web",RBW023,1950,3000
"store_in,india_m_sv","app_in,india_m_web",RBW029XS,5070,7800
"store_in,india_m_sv","app_in,india_m_web",RBW029S,5070,7800
"store_in,india_m_sv","app_in,india_m_web",RBW029M,5070,7800
"store_in,india_m_sv","app_in,india_m_web",RBW029L,5070,7800
"store_in,india_m_sv","app_in,india_m_web",RBW029XL,5070,7800
"store_in,india_m_sv","app_in,india_m_web",RBW029,5070,7800
"store_in,india_m_sv","app_in,india_m_web",RBW034XS,4485,6900
"store_in,india_m_sv","app_in,india_m_web",RBW034S,4485,6900
"store_in,india_m_sv","app_in,india_m_web",RBW034M,4485,6900
"store_in,india_m_sv","app_in,india_m_web",RBW034L,4485,6900
"store_in,india_m_sv","app_in,india_m_web",RBW034XL,4485,6900
"store_in,india_m_sv","app_in,india_m_web",RBW034,4485,6900
"store_in,india_m_sv","app_in,india_m_web",RBW038XS,2535,3900
"store_in,india_m_sv","app_in,india_m_web",RBW038S,2535,3900
"store_in,india_m_sv","app_in,india_m_web",RBW038M,2535,3900
"store_in,india_m_sv","app_in,india_m_web",RBW038L,2535,3900
"store_in,india_m_sv","app_in,india_m_web",RBW038XL,2535,3900
"store_in,india_m_sv","app_in,india_m_web",RBW038,2535,3900
"store_in,india_m_sv","app_in,india_m_web",RBW039XS,5785,8900
"store_in,india_m_sv","app_in,india_m_web",RBW039S,5785,8900
"store_in,india_m_sv","app_in,india_m_web",RBW039M,5785,8900
"store_in,india_m_sv","app_in,india_m_web",RBW039L,5785,8900
"store_in,india_m_sv","app_in,india_m_web",RBW039XL,5785,8900
"store_in,india_m_sv","app_in,india_m_web",RBW039,5785,8900
"store_in,india_m_sv","app_in,india_m_web",RBW040XS,6314,9714
"store_in,india_m_sv","app_in,india_m_web",RBW040S,6314,9714
"store_in,india_m_sv","app_in,india_m_web",RBW040M,6314,9714
"store_in,india_m_sv","app_in,india_m_web",RBW040L,6314,9714
"store_in,india_m_sv","app_in,india_m_web",RBW040XL,6314,9714
"store_in,india_m_sv","app_in,india_m_web",RBW040,6314,9714
"store_in,india_m_sv","app_in,india_m_web",RBW042XS,3055,4700
"store_in,india_m_sv","app_in,india_m_web",RBW042S,3055,4700
"store_in,india_m_sv","app_in,india_m_web",RBW042M,3055,4700
"store_in,india_m_sv","app_in,india_m_web",RBW042L,3055,4700
"store_in,india_m_sv","app_in,india_m_web",RBW042XL,3055,4700
"store_in,india_m_sv","app_in,india_m_web",RBW042,3055,4700
"store_in,india_m_sv","app_in,india_m_web",RBW043XS,2340,3600
"store_in,india_m_sv","app_in,india_m_web",RBW043S,2340,3600
"store_in,india_m_sv","app_in,india_m_web",RBW043M,2340,3600
"store_in,india_m_sv","app_in,india_m_web",RBW043L,2340,3600
"store_in,india_m_sv","app_in,india_m_web",RBW043XL,2340,3600
"store_in,india_m_sv","app_in,india_m_web",RBW043,2340,3600
"store_in,india_m_sv","app_in,india_m_web",RBW044XS,3120,4800
"store_in,india_m_sv","app_in,india_m_web",RBW044S,3120,4800
"store_in,india_m_sv","app_in,india_m_web",RBW044M,3120,4800
"store_in,india_m_sv","app_in,india_m_web",RBW044L,3120,4800
"store_in,india_m_sv","app_in,india_m_web",RBW044XL,3120,4800
"store_in,india_m_sv","app_in,india_m_web",RBW044,3120,4800
"store_in,india_m_sv","app_in,india_m_web",RBW046XS,3608,5550
"store_in,india_m_sv","app_in,india_m_web",RBW046S,3608,5550
"store_in,india_m_sv","app_in,india_m_web",RBW046M,3608,5550
"store_in,india_m_sv","app_in,india_m_web",RBW046L,3608,5550
"store_in,india_m_sv","app_in,india_m_web",RBW046XL,3608,5550
"store_in,india_m_sv","app_in,india_m_web",RBW046,3608,5550
"store_in,india_m_sv","app_in,india_m_web",RBW047XS,1950,3000
"store_in,india_m_sv","app_in,india_m_web",RBW047S,1950,3000
"store_in,india_m_sv","app_in,india_m_web",RBW047M,1950,3000
"store_in,india_m_sv","app_in,india_m_web",RBW047L,1950,3000
"store_in,india_m_sv","app_in,india_m_web",RBW047XL,1950,3000
"store_in,india_m_sv","app_in,india_m_web",RBW047,1950,3000
"store_in,india_m_sv","app_in,india_m_web",RBW052XS,3705,5700
"store_in,india_m_sv","app_in,india_m_web",RBW052S,3705,5700
"store_in,india_m_sv","app_in,india_m_web",RBW052M,3705,5700
"store_in,india_m_sv","app_in,india_m_web",RBW052L,3705,5700
"store_in,india_m_sv","app_in,india_m_web",RBW052XL,3705,5700
"store_in,india_m_sv","app_in,india_m_web",RBW052,3705,5700
"store_in,india_m_sv","app_in,india_m_web",RBW056XS,2275,3500
"store_in,india_m_sv","app_in,india_m_web",RBW056S,2275,3500
"store_in,india_m_sv","app_in,india_m_web",RBW056M,2275,3500
"store_in,india_m_sv","app_in,india_m_web",RBW056L,2275,3500
"store_in,india_m_sv","app_in,india_m_web",RBW056XL,2275,3500
"store_in,india_m_sv","app_in,india_m_web",RBW056,2275,3500
"store_in,india_m_sv","app_in,india_m_web",RBW065AXS,9750,15000
"store_in,india_m_sv","app_in,india_m_web",RBW065AS,9750,15000
"store_in,india_m_sv","app_in,india_m_web",RBW065AM,9750,15000
"store_in,india_m_sv","app_in,india_m_web",RBW065AL,9750,15000
"store_in,india_m_sv","app_in,india_m_web",RBW065AXL,9750,15000
"store_in,india_m_sv","app_in,india_m_web",RBW065A,9750,15000
"store_in,india_m_sv","app_in,india_m_web",RLW008XS,35035,53900
"store_in,india_m_sv","app_in,india_m_web",RLW008S,35035,53900
"store_in,india_m_sv","app_in,india_m_web",RLW008M,35035,53900
"store_in,india_m_sv","app_in,india_m_web",RLW008L,35035,53900
"store_in,india_m_sv","app_in,india_m_web",RLW008XL,35035,53900
"store_in,india_m_sv","app_in,india_m_web",RLW008,35035,53900
"store_in,india_m_sv","app_in,india_m_web",RAW096XS,14300,22000
"store_in,india_m_sv","app_in,india_m_web",RAW096S,14300,22000
"store_in,india_m_sv","app_in,india_m_web",RAW096M,14300,22000
"store_in,india_m_sv","app_in,india_m_web",RAW096L,14300,22000
"store_in,india_m_sv","app_in,india_m_web",RAW096XL,14300,22000
"store_in,india_m_sv","app_in,india_m_web",RAW096,14300,22000
"store_in,india_m_sv","app_in,india_m_web",RLW047XS,29510,45400
"store_in,india_m_sv","app_in,india_m_web",RLW047S,29510,45400
"store_in,india_m_sv","app_in,india_m_web",RLW047M,29510,45400
"store_in,india_m_sv","app_in,india_m_web",RLW047L,29510,45400
"store_in,india_m_sv","app_in,india_m_web",RLW047XL,29510,45400
"store_in,india_m_sv","app_in,india_m_web",RLW047,29510,45400
"store_in,india_m_sv","app_in,india_m_web",RAW049AXS,16900,26000
"store_in,india_m_sv","app_in,india_m_web",RAW049AS,16900,26000
"store_in,india_m_sv","app_in,india_m_web",RAW049AM,16900,26000
"store_in,india_m_sv","app_in,india_m_web",RAW049AL,16900,26000
"store_in,india_m_sv","app_in,india_m_web",RAW049AXL,16900,26000
"store_in,india_m_sv","app_in,india_m_web",RAW049A,16900,26000
"store_in,india_m_sv","app_in,india_m_web",RAW085XS,15145,23300
"store_in,india_m_sv","app_in,india_m_web",RAW085S,15145,23300
"store_in,india_m_sv","app_in,india_m_web",RAW085M,15145,23300
"store_in,india_m_sv","app_in,india_m_web",RAW085L,15145,23300
"store_in,india_m_sv","app_in,india_m_web",RAW085XL,15145,23300
"store_in,india_m_sv","app_in,india_m_web",RAW085,15145,23300
"store_in,india_m_sv","app_in,india_m_web",RAW091XS,17615,27100
"store_in,india_m_sv","app_in,india_m_web",RAW091S,17615,27100
"store_in,india_m_sv","app_in,india_m_web",RAW091M,17615,27100
"store_in,india_m_sv","app_in,india_m_web",RAW091L,17615,27100
"store_in,india_m_sv","app_in,india_m_web",RAW091XL,17615,27100
"store_in,india_m_sv","app_in,india_m_web",RAW091,17615,27100
"store_in,india_m_sv","app_in,india_m_web",RSRW034XS,26845,41300
"store_in,india_m_sv","app_in,india_m_web",RSRW034S,26845,41300
"store_in,india_m_sv","app_in,india_m_web",RSRW034M,26845,41300
"store_in,india_m_sv","app_in,india_m_web",RSRW034L,26845,41300
"store_in,india_m_sv","app_in,india_m_web",RSRW034XL,26845,41300
"store_in,india_m_sv","app_in,india_m_web",RSRW034,26845,41300
"store_in,india_m_sv","app_in,india_m_web",RSRW048XS,18137,27903
"store_in,india_m_sv","app_in,india_m_web",RSRW048S,18137,27903
"store_in,india_m_sv","app_in,india_m_web",RSRW048M,18137,27903
"store_in,india_m_sv","app_in,india_m_web",RSRW048L,18137,27903
"store_in,india_m_sv","app_in,india_m_web",RSRW048XL,18137,27903
"store_in,india_m_sv","app_in,india_m_web",RSRW048,18137,27903
"store_in,india_m_sv","app_in,india_m_web",RLW039XS,17095,26300
"store_in,india_m_sv","app_in,india_m_web",RLW039S,17095,26300
"store_in,india_m_sv","app_in,india_m_web",RLW039M,17095,26300
"store_in,india_m_sv","app_in,india_m_web",RLW039L,17095,26300
"store_in,india_m_sv","app_in,india_m_web",RLW039XL,17095,26300
"store_in,india_m_sv","app_in,india_m_web",RLW039,17095,26300
